ISO-10303-21;
HEADER;
/* Generated by software containing ST-Developer
 * from STEP Tools, Inc. (www.steptools.com) 
 */

FILE_DESCRIPTION(
/* description */ (''),
/* implementation_level */ '2;1');

FILE_NAME(
/* name */ 'Thermux Case.step',
/* time_stamp */ '2026-08-17T15:25:23-07:00',
/* author */ (''),
/* organization */ (''),
/* preprocessor_version */ 'ST-DEVELOPER v20.1',
/* originating_system */ 'Autodesk Translation Framework v15.8.0.0',
/* authorisation */ '');

FILE_SCHEMA (('AUTOMOTIVE_DESIGN { 1 0 10303 214 3 1 1 }'));
ENDSEC;

DATA;
#10=MECHANICAL_DESIGN_GEOMETRIC_PRESENTATION_REPRESENTATION('',(#17),#3257);
#11=ITEM_DEFINED_TRANSFORMATION($,$,#1971,#2143);
#12=(
REPRESENTATION_RELATIONSHIP($,$,#3268,#3267)
REPRESENTATION_RELATIONSHIP_WITH_TRANSFORMATION(#11)
SHAPE_REPRESENTATION_RELATIONSHIP()
);
#13=CONTEXT_DEPENDENT_SHAPE_REPRESENTATION(#12,#3266);
#14=NEXT_ASSEMBLY_USAGE_OCCURRENCE('Base:1','Base:1','Base:1',#3270,#3271,
'Base:1');
#15=SHAPE_REPRESENTATION_RELATIONSHIP('SRR','None',#3268,#16);
#16=ADVANCED_BREP_SHAPE_REPRESENTATION('',(#18),#3256);
#17=STYLED_ITEM('',(#3281),#18);
#18=MANIFOLD_SOLID_BREP('Body1',#1957);
#19=FACE_BOUND('',#251,.T.);
#20=FACE_BOUND('',#255,.T.);
#21=FACE_BOUND('',#259,.T.);
#22=FACE_BOUND('',#263,.T.);
#23=FACE_BOUND('',#267,.T.);
#24=FACE_BOUND('',#271,.T.);
#25=FACE_BOUND('',#275,.T.);
#26=FACE_BOUND('',#279,.T.);
#27=FACE_BOUND('',#307,.T.);
#28=FACE_BOUND('',#309,.T.);
#29=FACE_BOUND('',#311,.T.);
#30=FACE_BOUND('',#313,.T.);
#31=FACE_BOUND('',#318,.T.);
#32=FACE_BOUND('',#319,.T.);
#33=FACE_BOUND('',#320,.T.);
#34=FACE_BOUND('',#321,.T.);
#35=FACE_BOUND('',#322,.T.);
#36=FACE_BOUND('',#323,.T.);
#37=FACE_BOUND('',#352,.T.);
#38=FACE_BOUND('',#356,.T.);
#39=FACE_BOUND('',#361,.T.);
#40=FACE_BOUND('',#372,.T.);
#41=FACE_BOUND('',#373,.T.);
#42=FACE_BOUND('',#374,.T.);
#43=FACE_BOUND('',#375,.T.);
#44=CONICAL_SURFACE('',#1988,3.,0.785398163397446);
#45=CONICAL_SURFACE('',#1995,3.,0.785398163397446);
#46=CONICAL_SURFACE('',#2002,3.,0.785398163397446);
#47=CONICAL_SURFACE('',#2009,3.,0.785398163397446);
#48=CONICAL_SURFACE('',#2016,3.,0.785398163397447);
#49=CONICAL_SURFACE('',#2023,3.,0.785398163397447);
#50=CONICAL_SURFACE('',#2030,3.,0.785398163397447);
#51=CONICAL_SURFACE('',#2037,3.,0.785398163397447);
#52=PLANE('',#1975);
#53=PLANE('',#1979);
#54=PLANE('',#1983);
#55=PLANE('',#1987);
#56=PLANE('',#1993);
#57=PLANE('',#2000);
#58=PLANE('',#2007);
#59=PLANE('',#2014);
#60=PLANE('',#2021);
#61=PLANE('',#2028);
#62=PLANE('',#2035);
#63=PLANE('',#2042);
#64=PLANE('',#2044);
#65=PLANE('',#2047);
#66=PLANE('',#2048);
#67=PLANE('',#2049);
#68=PLANE('',#2052);
#69=PLANE('',#2053);
#70=PLANE('',#2054);
#71=PLANE('',#2055);
#72=PLANE('',#2058);
#73=PLANE('',#2059);
#74=PLANE('',#2062);
#75=PLANE('',#2063);
#76=PLANE('',#2064);
#77=PLANE('',#2065);
#78=PLANE('',#2066);
#79=PLANE('',#2067);
#80=PLANE('',#2068);
#81=PLANE('',#2069);
#82=PLANE('',#2070);
#83=PLANE('',#2071);
#84=PLANE('',#2072);
#85=PLANE('',#2073);
#86=PLANE('',#2074);
#87=PLANE('',#2075);
#88=PLANE('',#2076);
#89=PLANE('',#2077);
#90=PLANE('',#2080);
#91=PLANE('',#2083);
#92=PLANE('',#2091);
#93=PLANE('',#2092);
#94=PLANE('',#2093);
#95=PLANE('',#2094);
#96=PLANE('',#2095);
#97=PLANE('',#2096);
#98=PLANE('',#2097);
#99=PLANE('',#2098);
#100=PLANE('',#2099);
#101=PLANE('',#2100);
#102=PLANE('',#2101);
#103=PLANE('',#2102);
#104=PLANE('',#2103);
#105=PLANE('',#2104);
#106=PLANE('',#2105);
#107=PLANE('',#2106);
#108=PLANE('',#2107);
#109=PLANE('',#2108);
#110=PLANE('',#2109);
#111=PLANE('',#2110);
#112=PLANE('',#2111);
#113=PLANE('',#2112);
#114=PLANE('',#2113);
#115=PLANE('',#2119);
#116=PLANE('',#2125);
#117=PLANE('',#2126);
#118=PLANE('',#2132);
#119=PLANE('',#2133);
#120=PLANE('',#2134);
#121=PLANE('',#2135);
#122=PLANE('',#2136);
#123=PLANE('',#2137);
#124=PLANE('',#2138);
#125=PLANE('',#2139);
#126=PLANE('',#2140);
#127=PLANE('',#2141);
#128=PLANE('',#2142);
#129=FACE_OUTER_BOUND('',#240,.T.);
#130=FACE_OUTER_BOUND('',#241,.T.);
#131=FACE_OUTER_BOUND('',#242,.T.);
#132=FACE_OUTER_BOUND('',#243,.T.);
#133=FACE_OUTER_BOUND('',#244,.T.);
#134=FACE_OUTER_BOUND('',#245,.T.);
#135=FACE_OUTER_BOUND('',#246,.T.);
#136=FACE_OUTER_BOUND('',#247,.T.);
#137=FACE_OUTER_BOUND('',#248,.T.);
#138=FACE_OUTER_BOUND('',#249,.T.);
#139=FACE_OUTER_BOUND('',#250,.T.);
#140=FACE_OUTER_BOUND('',#252,.T.);
#141=FACE_OUTER_BOUND('',#253,.T.);
#142=FACE_OUTER_BOUND('',#254,.T.);
#143=FACE_OUTER_BOUND('',#256,.T.);
#144=FACE_OUTER_BOUND('',#257,.T.);
#145=FACE_OUTER_BOUND('',#258,.T.);
#146=FACE_OUTER_BOUND('',#260,.T.);
#147=FACE_OUTER_BOUND('',#261,.T.);
#148=FACE_OUTER_BOUND('',#262,.T.);
#149=FACE_OUTER_BOUND('',#264,.T.);
#150=FACE_OUTER_BOUND('',#265,.T.);
#151=FACE_OUTER_BOUND('',#266,.T.);
#152=FACE_OUTER_BOUND('',#268,.T.);
#153=FACE_OUTER_BOUND('',#269,.T.);
#154=FACE_OUTER_BOUND('',#270,.T.);
#155=FACE_OUTER_BOUND('',#272,.T.);
#156=FACE_OUTER_BOUND('',#273,.T.);
#157=FACE_OUTER_BOUND('',#274,.T.);
#158=FACE_OUTER_BOUND('',#276,.T.);
#159=FACE_OUTER_BOUND('',#277,.T.);
#160=FACE_OUTER_BOUND('',#278,.T.);
#161=FACE_OUTER_BOUND('',#280,.T.);
#162=FACE_OUTER_BOUND('',#281,.T.);
#163=FACE_OUTER_BOUND('',#282,.T.);
#164=FACE_OUTER_BOUND('',#283,.T.);
#165=FACE_OUTER_BOUND('',#284,.T.);
#166=FACE_OUTER_BOUND('',#285,.T.);
#167=FACE_OUTER_BOUND('',#286,.T.);
#168=FACE_OUTER_BOUND('',#287,.T.);
#169=FACE_OUTER_BOUND('',#288,.T.);
#170=FACE_OUTER_BOUND('',#289,.T.);
#171=FACE_OUTER_BOUND('',#290,.T.);
#172=FACE_OUTER_BOUND('',#291,.T.);
#173=FACE_OUTER_BOUND('',#292,.T.);
#174=FACE_OUTER_BOUND('',#293,.T.);
#175=FACE_OUTER_BOUND('',#294,.T.);
#176=FACE_OUTER_BOUND('',#295,.T.);
#177=FACE_OUTER_BOUND('',#296,.T.);
#178=FACE_OUTER_BOUND('',#297,.T.);
#179=FACE_OUTER_BOUND('',#298,.T.);
#180=FACE_OUTER_BOUND('',#299,.T.);
#181=FACE_OUTER_BOUND('',#300,.T.);
#182=FACE_OUTER_BOUND('',#301,.T.);
#183=FACE_OUTER_BOUND('',#302,.T.);
#184=FACE_OUTER_BOUND('',#303,.T.);
#185=FACE_OUTER_BOUND('',#304,.T.);
#186=FACE_OUTER_BOUND('',#305,.T.);
#187=FACE_OUTER_BOUND('',#306,.T.);
#188=FACE_OUTER_BOUND('',#308,.T.);
#189=FACE_OUTER_BOUND('',#310,.T.);
#190=FACE_OUTER_BOUND('',#312,.T.);
#191=FACE_OUTER_BOUND('',#314,.T.);
#192=FACE_OUTER_BOUND('',#315,.T.);
#193=FACE_OUTER_BOUND('',#316,.T.);
#194=FACE_OUTER_BOUND('',#317,.T.);
#195=FACE_OUTER_BOUND('',#324,.T.);
#196=FACE_OUTER_BOUND('',#325,.T.);
#197=FACE_OUTER_BOUND('',#326,.T.);
#198=FACE_OUTER_BOUND('',#327,.T.);
#199=FACE_OUTER_BOUND('',#328,.T.);
#200=FACE_OUTER_BOUND('',#329,.T.);
#201=FACE_OUTER_BOUND('',#330,.T.);
#202=FACE_OUTER_BOUND('',#331,.T.);
#203=FACE_OUTER_BOUND('',#332,.T.);
#204=FACE_OUTER_BOUND('',#333,.T.);
#205=FACE_OUTER_BOUND('',#334,.T.);
#206=FACE_OUTER_BOUND('',#335,.T.);
#207=FACE_OUTER_BOUND('',#336,.T.);
#208=FACE_OUTER_BOUND('',#337,.T.);
#209=FACE_OUTER_BOUND('',#338,.T.);
#210=FACE_OUTER_BOUND('',#339,.T.);
#211=FACE_OUTER_BOUND('',#340,.T.);
#212=FACE_OUTER_BOUND('',#341,.T.);
#213=FACE_OUTER_BOUND('',#342,.T.);
#214=FACE_OUTER_BOUND('',#343,.T.);
#215=FACE_OUTER_BOUND('',#344,.T.);
#216=FACE_OUTER_BOUND('',#345,.T.);
#217=FACE_OUTER_BOUND('',#346,.T.);
#218=FACE_OUTER_BOUND('',#347,.T.);
#219=FACE_OUTER_BOUND('',#348,.T.);
#220=FACE_OUTER_BOUND('',#349,.T.);
#221=FACE_OUTER_BOUND('',#350,.T.);
#222=FACE_OUTER_BOUND('',#351,.T.);
#223=FACE_OUTER_BOUND('',#353,.T.);
#224=FACE_OUTER_BOUND('',#354,.T.);
#225=FACE_OUTER_BOUND('',#355,.T.);
#226=FACE_OUTER_BOUND('',#357,.T.);
#227=FACE_OUTER_BOUND('',#358,.T.);
#228=FACE_OUTER_BOUND('',#359,.T.);
#229=FACE_OUTER_BOUND('',#360,.T.);
#230=FACE_OUTER_BOUND('',#362,.T.);
#231=FACE_OUTER_BOUND('',#363,.T.);
#232=FACE_OUTER_BOUND('',#364,.T.);
#233=FACE_OUTER_BOUND('',#365,.T.);
#234=FACE_OUTER_BOUND('',#366,.T.);
#235=FACE_OUTER_BOUND('',#367,.T.);
#236=FACE_OUTER_BOUND('',#368,.T.);
#237=FACE_OUTER_BOUND('',#369,.T.);
#238=FACE_OUTER_BOUND('',#370,.T.);
#239=FACE_OUTER_BOUND('',#371,.T.);
#240=EDGE_LOOP('',(#1288,#1289,#1290,#1291));
#241=EDGE_LOOP('',(#1292));
#242=EDGE_LOOP('',(#1293,#1294,#1295,#1296));
#243=EDGE_LOOP('',(#1297));
#244=EDGE_LOOP('',(#1298,#1299,#1300,#1301));
#245=EDGE_LOOP('',(#1302));
#246=EDGE_LOOP('',(#1303,#1304,#1305,#1306));
#247=EDGE_LOOP('',(#1307));
#248=EDGE_LOOP('',(#1308,#1309,#1310,#1311));
#249=EDGE_LOOP('',(#1312,#1313,#1314,#1315));
#250=EDGE_LOOP('',(#1316,#1317,#1318));
#251=EDGE_LOOP('',(#1319));
#252=EDGE_LOOP('',(#1320,#1321,#1322,#1323));
#253=EDGE_LOOP('',(#1324,#1325,#1326,#1327));
#254=EDGE_LOOP('',(#1328,#1329,#1330));
#255=EDGE_LOOP('',(#1331));
#256=EDGE_LOOP('',(#1332,#1333,#1334,#1335));
#257=EDGE_LOOP('',(#1336,#1337,#1338,#1339));
#258=EDGE_LOOP('',(#1340,#1341,#1342));
#259=EDGE_LOOP('',(#1343));
#260=EDGE_LOOP('',(#1344,#1345,#1346,#1347));
#261=EDGE_LOOP('',(#1348,#1349,#1350,#1351));
#262=EDGE_LOOP('',(#1352,#1353,#1354));
#263=EDGE_LOOP('',(#1355));
#264=EDGE_LOOP('',(#1356,#1357,#1358,#1359));
#265=EDGE_LOOP('',(#1360,#1361,#1362,#1363));
#266=EDGE_LOOP('',(#1364,#1365,#1366,#1367));
#267=EDGE_LOOP('',(#1368));
#268=EDGE_LOOP('',(#1369,#1370,#1371,#1372));
#269=EDGE_LOOP('',(#1373,#1374,#1375,#1376));
#270=EDGE_LOOP('',(#1377,#1378,#1379,#1380));
#271=EDGE_LOOP('',(#1381));
#272=EDGE_LOOP('',(#1382,#1383,#1384,#1385));
#273=EDGE_LOOP('',(#1386,#1387,#1388,#1389));
#274=EDGE_LOOP('',(#1390,#1391,#1392,#1393));
#275=EDGE_LOOP('',(#1394));
#276=EDGE_LOOP('',(#1395,#1396,#1397,#1398));
#277=EDGE_LOOP('',(#1399,#1400,#1401,#1402));
#278=EDGE_LOOP('',(#1403,#1404,#1405,#1406));
#279=EDGE_LOOP('',(#1407));
#280=EDGE_LOOP('',(#1408,#1409,#1410,#1411));
#281=EDGE_LOOP('',(#1412,#1413,#1414,#1415));
#282=EDGE_LOOP('',(#1416,#1417,#1418,#1419));
#283=EDGE_LOOP('',(#1420,#1421,#1422,#1423,#1424,#1425,#1426,#1427,#1428,
#1429,#1430,#1431,#1432,#1433,#1434,#1435));
#284=EDGE_LOOP('',(#1436,#1437,#1438,#1439));
#285=EDGE_LOOP('',(#1440,#1441,#1442,#1443));
#286=EDGE_LOOP('',(#1444,#1445,#1446,#1447));
#287=EDGE_LOOP('',(#1448,#1449,#1450,#1451,#1452,#1453,#1454,#1455,#1456,
#1457,#1458,#1459));
#288=EDGE_LOOP('',(#1460,#1461,#1462,#1463));
#289=EDGE_LOOP('',(#1464,#1465,#1466,#1467));
#290=EDGE_LOOP('',(#1468,#1469,#1470,#1471));
#291=EDGE_LOOP('',(#1472,#1473,#1474,#1475));
#292=EDGE_LOOP('',(#1476,#1477,#1478,#1479));
#293=EDGE_LOOP('',(#1480,#1481,#1482,#1483));
#294=EDGE_LOOP('',(#1484,#1485,#1486,#1487));
#295=EDGE_LOOP('',(#1488,#1489,#1490,#1491));
#296=EDGE_LOOP('',(#1492,#1493,#1494,#1495));
#297=EDGE_LOOP('',(#1496,#1497,#1498,#1499));
#298=EDGE_LOOP('',(#1500,#1501,#1502,#1503,#1504));
#299=EDGE_LOOP('',(#1505,#1506,#1507,#1508));
#300=EDGE_LOOP('',(#1509,#1510,#1511,#1512,#1513));
#301=EDGE_LOOP('',(#1514,#1515,#1516,#1517));
#302=EDGE_LOOP('',(#1518,#1519,#1520,#1521,#1522));
#303=EDGE_LOOP('',(#1523,#1524,#1525,#1526,#1527));
#304=EDGE_LOOP('',(#1528,#1529,#1530,#1531));
#305=EDGE_LOOP('',(#1532,#1533,#1534,#1535));
#306=EDGE_LOOP('',(#1536));
#307=EDGE_LOOP('',(#1537));
#308=EDGE_LOOP('',(#1538));
#309=EDGE_LOOP('',(#1539));
#310=EDGE_LOOP('',(#1540));
#311=EDGE_LOOP('',(#1541));
#312=EDGE_LOOP('',(#1542));
#313=EDGE_LOOP('',(#1543));
#314=EDGE_LOOP('',(#1544,#1545,#1546,#1547));
#315=EDGE_LOOP('',(#1548,#1549,#1550,#1551,#1552,#1553,#1554,#1555,#1556,
#1557,#1558,#1559));
#316=EDGE_LOOP('',(#1560,#1561,#1562,#1563));
#317=EDGE_LOOP('',(#1564,#1565,#1566,#1567,#1568,#1569,#1570,#1571));
#318=EDGE_LOOP('',(#1572,#1573,#1574,#1575));
#319=EDGE_LOOP('',(#1576,#1577,#1578,#1579));
#320=EDGE_LOOP('',(#1580,#1581,#1582,#1583,#1584,#1585,#1586,#1587,#1588,
#1589,#1590,#1591));
#321=EDGE_LOOP('',(#1592));
#322=EDGE_LOOP('',(#1593));
#323=EDGE_LOOP('',(#1594));
#324=EDGE_LOOP('',(#1595,#1596,#1597,#1598));
#325=EDGE_LOOP('',(#1599,#1600,#1601,#1602));
#326=EDGE_LOOP('',(#1603,#1604,#1605,#1606));
#327=EDGE_LOOP('',(#1607,#1608,#1609,#1610));
#328=EDGE_LOOP('',(#1611,#1612,#1613,#1614));
#329=EDGE_LOOP('',(#1615,#1616,#1617,#1618));
#330=EDGE_LOOP('',(#1619,#1620,#1621,#1622));
#331=EDGE_LOOP('',(#1623,#1624,#1625,#1626));
#332=EDGE_LOOP('',(#1627,#1628,#1629,#1630));
#333=EDGE_LOOP('',(#1631,#1632,#1633,#1634,#1635,#1636));
#334=EDGE_LOOP('',(#1637,#1638,#1639,#1640,#1641));
#335=EDGE_LOOP('',(#1642,#1643,#1644,#1645));
#336=EDGE_LOOP('',(#1646,#1647,#1648,#1649));
#337=EDGE_LOOP('',(#1650,#1651,#1652,#1653));
#338=EDGE_LOOP('',(#1654,#1655,#1656,#1657,#1658,#1659));
#339=EDGE_LOOP('',(#1660,#1661,#1662,#1663));
#340=EDGE_LOOP('',(#1664,#1665,#1666,#1667,#1668));
#341=EDGE_LOOP('',(#1669,#1670,#1671,#1672));
#342=EDGE_LOOP('',(#1673,#1674,#1675,#1676,#1677,#1678));
#343=EDGE_LOOP('',(#1679,#1680,#1681,#1682));
#344=EDGE_LOOP('',(#1683,#1684,#1685,#1686));
#345=EDGE_LOOP('',(#1687,#1688,#1689,#1690,#1691,#1692));
#346=EDGE_LOOP('',(#1693,#1694,#1695,#1696));
#347=EDGE_LOOP('',(#1697,#1698,#1699,#1700));
#348=EDGE_LOOP('',(#1701,#1702,#1703,#1704,#1705,#1706));
#349=EDGE_LOOP('',(#1707,#1708,#1709,#1710));
#350=EDGE_LOOP('',(#1711,#1712,#1713,#1714));
#351=EDGE_LOOP('',(#1715));
#352=EDGE_LOOP('',(#1716));
#353=EDGE_LOOP('',(#1717,#1718,#1719,#1720));
#354=EDGE_LOOP('',(#1721,#1722,#1723,#1724));
#355=EDGE_LOOP('',(#1725));
#356=EDGE_LOOP('',(#1726));
#357=EDGE_LOOP('',(#1727));
#358=EDGE_LOOP('',(#1728,#1729,#1730,#1731));
#359=EDGE_LOOP('',(#1732,#1733,#1734,#1735));
#360=EDGE_LOOP('',(#1736));
#361=EDGE_LOOP('',(#1737));
#362=EDGE_LOOP('',(#1738));
#363=EDGE_LOOP('',(#1739,#1740,#1741,#1742,#1743,#1744,#1745,#1746));
#364=EDGE_LOOP('',(#1747,#1748,#1749,#1750,#1751,#1752,#1753,#1754));
#365=EDGE_LOOP('',(#1755,#1756,#1757,#1758,#1759,#1760,#1761,#1762,#1763,
#1764));
#366=EDGE_LOOP('',(#1765,#1766,#1767,#1768,#1769,#1770,#1771,#1772,#1773,
#1774,#1775,#1776));
#367=EDGE_LOOP('',(#1777,#1778,#1779,#1780,#1781,#1782));
#368=EDGE_LOOP('',(#1783));
#369=EDGE_LOOP('',(#1784,#1785,#1786,#1787));
#370=EDGE_LOOP('',(#1788,#1789,#1790,#1791,#1792,#1793,#1794,#1795));
#371=EDGE_LOOP('',(#1796,#1797,#1798,#1799,#1800,#1801,#1802,#1803,#1804,
#1805,#1806,#1807,#1808,#1809,#1810,#1811,#1812,#1813,#1814,#1815));
#372=EDGE_LOOP('',(#1816));
#373=EDGE_LOOP('',(#1817));
#374=EDGE_LOOP('',(#1818));
#375=EDGE_LOOP('',(#1819));
#376=LINE('',#2704,#582);
#377=LINE('',#2711,#583);
#378=LINE('',#2718,#584);
#379=LINE('',#2725,#585);
#380=LINE('',#2732,#586);
#381=LINE('',#2736,#587);
#382=LINE('',#2741,#588);
#383=LINE('',#2744,#589);
#384=LINE('',#2749,#590);
#385=LINE('',#2753,#591);
#386=LINE('',#2758,#592);
#387=LINE('',#2760,#593);
#388=LINE('',#2766,#594);
#389=LINE('',#2770,#595);
#390=LINE('',#2775,#596);
#391=LINE('',#2777,#597);
#392=LINE('',#2783,#598);
#393=LINE('',#2787,#599);
#394=LINE('',#2792,#600);
#395=LINE('',#2794,#601);
#396=LINE('',#2800,#602);
#397=LINE('',#2804,#603);
#398=LINE('',#2811,#604);
#399=LINE('',#2813,#605);
#400=LINE('',#2814,#606);
#401=LINE('',#2819,#607);
#402=LINE('',#2823,#608);
#403=LINE('',#2828,#609);
#404=LINE('',#2832,#610);
#405=LINE('',#2833,#611);
#406=LINE('',#2838,#612);
#407=LINE('',#2842,#613);
#408=LINE('',#2847,#614);
#409=LINE('',#2849,#615);
#410=LINE('',#2852,#616);
#411=LINE('',#2857,#617);
#412=LINE('',#2861,#618);
#413=LINE('',#2868,#619);
#414=LINE('',#2870,#620);
#415=LINE('',#2871,#621);
#416=LINE('',#2874,#622);
#417=LINE('',#2876,#623);
#418=LINE('',#2877,#624);
#419=LINE('',#2880,#625);
#420=LINE('',#2884,#626);
#421=LINE('',#2885,#627);
#422=LINE('',#2888,#628);
#423=LINE('',#2890,#629);
#424=LINE('',#2892,#630);
#425=LINE('',#2894,#631);
#426=LINE('',#2896,#632);
#427=LINE('',#2898,#633);
#428=LINE('',#2900,#634);
#429=LINE('',#2902,#635);
#430=LINE('',#2904,#636);
#431=LINE('',#2905,#637);
#432=LINE('',#2907,#638);
#433=LINE('',#2908,#639);
#434=LINE('',#2911,#640);
#435=LINE('',#2913,#641);
#436=LINE('',#2914,#642);
#437=LINE('',#2917,#643);
#438=LINE('',#2921,#644);
#439=LINE('',#2922,#645);
#440=LINE('',#2925,#646);
#441=LINE('',#2926,#647);
#442=LINE('',#2928,#648);
#443=LINE('',#2930,#649);
#444=LINE('',#2932,#650);
#445=LINE('',#2934,#651);
#446=LINE('',#2936,#652);
#447=LINE('',#2937,#653);
#448=LINE('',#2940,#654);
#449=LINE('',#2941,#655);
#450=LINE('',#2944,#656);
#451=LINE('',#2945,#657);
#452=LINE('',#2950,#658);
#453=LINE('',#2951,#659);
#454=LINE('',#2954,#660);
#455=LINE('',#2955,#661);
#456=LINE('',#2961,#662);
#457=LINE('',#2963,#663);
#458=LINE('',#2965,#664);
#459=LINE('',#2966,#665);
#460=LINE('',#2969,#666);
#461=LINE('',#2971,#667);
#462=LINE('',#2972,#668);
#463=LINE('',#2976,#669);
#464=LINE('',#2978,#670);
#465=LINE('',#2980,#671);
#466=LINE('',#2981,#672);
#467=LINE('',#2984,#673);
#468=LINE('',#2986,#674);
#469=LINE('',#2987,#675);
#470=LINE('',#2990,#676);
#471=LINE('',#2992,#677);
#472=LINE('',#2993,#678);
#473=LINE('',#2996,#679);
#474=LINE('',#2998,#680);
#475=LINE('',#2999,#681);
#476=LINE('',#3001,#682);
#477=LINE('',#3002,#683);
#478=LINE('',#3006,#684);
#479=LINE('',#3008,#685);
#480=LINE('',#3009,#686);
#481=LINE('',#3012,#687);
#482=LINE('',#3014,#688);
#483=LINE('',#3015,#689);
#484=LINE('',#3017,#690);
#485=LINE('',#3018,#691);
#486=LINE('',#3026,#692);
#487=LINE('',#3029,#693);
#488=LINE('',#3032,#694);
#489=LINE('',#3033,#695);
#490=LINE('',#3035,#696);
#491=LINE('',#3037,#697);
#492=LINE('',#3039,#698);
#493=LINE('',#3041,#699);
#494=LINE('',#3043,#700);
#495=LINE('',#3045,#701);
#496=LINE('',#3046,#702);
#497=LINE('',#3049,#703);
#498=LINE('',#3052,#704);
#499=LINE('',#3054,#705);
#500=LINE('',#3056,#706);
#501=LINE('',#3060,#707);
#502=LINE('',#3064,#708);
#503=LINE('',#3066,#709);
#504=LINE('',#3068,#710);
#505=LINE('',#3070,#711);
#506=LINE('',#3072,#712);
#507=LINE('',#3074,#713);
#508=LINE('',#3076,#714);
#509=LINE('',#3078,#715);
#510=LINE('',#3080,#716);
#511=LINE('',#3082,#717);
#512=LINE('',#3084,#718);
#513=LINE('',#3085,#719);
#514=LINE('',#3093,#720);
#515=LINE('',#3095,#721);
#516=LINE('',#3096,#722);
#517=LINE('',#3099,#723);
#518=LINE('',#3101,#724);
#519=LINE('',#3102,#725);
#520=LINE('',#3105,#726);
#521=LINE('',#3106,#727);
#522=LINE('',#3109,#728);
#523=LINE('',#3110,#729);
#524=LINE('',#3113,#730);
#525=LINE('',#3115,#731);
#526=LINE('',#3116,#732);
#527=LINE('',#3119,#733);
#528=LINE('',#3120,#734);
#529=LINE('',#3123,#735);
#530=LINE('',#3124,#736);
#531=LINE('',#3128,#737);
#532=LINE('',#3130,#738);
#533=LINE('',#3132,#739);
#534=LINE('',#3133,#740);
#535=LINE('',#3136,#741);
#536=LINE('',#3138,#742);
#537=LINE('',#3139,#743);
#538=LINE('',#3140,#744);
#539=LINE('',#3143,#745);
#540=LINE('',#3144,#746);
#541=LINE('',#3145,#747);
#542=LINE('',#3148,#748);
#543=LINE('',#3149,#749);
#544=LINE('',#3152,#750);
#545=LINE('',#3153,#751);
#546=LINE('',#3155,#752);
#547=LINE('',#3160,#753);
#548=LINE('',#3161,#754);
#549=LINE('',#3162,#755);
#550=LINE('',#3165,#756);
#551=LINE('',#3167,#757);
#552=LINE('',#3168,#758);
#553=LINE('',#3171,#759);
#554=LINE('',#3173,#760);
#555=LINE('',#3174,#761);
#556=LINE('',#3177,#762);
#557=LINE('',#3179,#763);
#558=LINE('',#3180,#764);
#559=LINE('',#3181,#765);
#560=LINE('',#3184,#766);
#561=LINE('',#3185,#767);
#562=LINE('',#3187,#768);
#563=LINE('',#3190,#769);
#564=LINE('',#3192,#770);
#565=LINE('',#3198,#771);
#566=LINE('',#3203,#772);
#567=LINE('',#3209,#773);
#568=LINE('',#3214,#774);
#569=LINE('',#3221,#775);
#570=LINE('',#3226,#776);
#571=LINE('',#3231,#777);
#572=LINE('',#3232,#778);
#573=LINE('',#3235,#779);
#574=LINE('',#3236,#780);
#575=LINE('',#3238,#781);
#576=LINE('',#3239,#782);
#577=LINE('',#3240,#783);
#578=LINE('',#3242,#784);
#579=LINE('',#3244,#785);
#580=LINE('',#3247,#786);
#581=LINE('',#3249,#787);
#582=VECTOR('',#2152,1.75);
#583=VECTOR('',#2161,1.75);
#584=VECTOR('',#2170,1.75);
#585=VECTOR('',#2179,1.75);
#586=VECTOR('',#2188,3.);
#587=VECTOR('',#2193,2.5);
#588=VECTOR('',#2198,10.);
#589=VECTOR('',#2201,10.);
#590=VECTOR('',#2206,3.);
#591=VECTOR('',#2211,2.5);
#592=VECTOR('',#2216,10.);
#593=VECTOR('',#2217,10.);
#594=VECTOR('',#2224,3.);
#595=VECTOR('',#2229,2.5);
#596=VECTOR('',#2234,10.);
#597=VECTOR('',#2235,10.);
#598=VECTOR('',#2242,3.);
#599=VECTOR('',#2247,2.5);
#600=VECTOR('',#2252,10.);
#601=VECTOR('',#2253,10.);
#602=VECTOR('',#2260,3.);
#603=VECTOR('',#2265,2.5);
#604=VECTOR('',#2272,10.);
#605=VECTOR('',#2273,10.);
#606=VECTOR('',#2274,10.);
#607=VECTOR('',#2279,3.);
#608=VECTOR('',#2284,2.5);
#609=VECTOR('',#2289,10.);
#610=VECTOR('',#2292,10.);
#611=VECTOR('',#2293,10.);
#612=VECTOR('',#2298,3.);
#613=VECTOR('',#2303,2.5);
#614=VECTOR('',#2308,10.);
#615=VECTOR('',#2309,10.);
#616=VECTOR('',#2312,10.);
#617=VECTOR('',#2317,3.);
#618=VECTOR('',#2322,2.5);
#619=VECTOR('',#2329,10.);
#620=VECTOR('',#2330,10.);
#621=VECTOR('',#2331,10.);
#622=VECTOR('',#2334,10.);
#623=VECTOR('',#2335,10.);
#624=VECTOR('',#2336,10.);
#625=VECTOR('',#2339,10.);
#626=VECTOR('',#2344,10.);
#627=VECTOR('',#2345,10.);
#628=VECTOR('',#2348,10.);
#629=VECTOR('',#2349,10.);
#630=VECTOR('',#2350,10.);
#631=VECTOR('',#2351,10.);
#632=VECTOR('',#2352,10.);
#633=VECTOR('',#2353,10.);
#634=VECTOR('',#2354,10.);
#635=VECTOR('',#2355,10.);
#636=VECTOR('',#2356,10.);
#637=VECTOR('',#2357,10.);
#638=VECTOR('',#2358,10.);
#639=VECTOR('',#2359,10.);
#640=VECTOR('',#2362,10.);
#641=VECTOR('',#2363,10.);
#642=VECTOR('',#2364,10.);
#643=VECTOR('',#2367,10.);
#644=VECTOR('',#2372,10.);
#645=VECTOR('',#2373,10.);
#646=VECTOR('',#2376,10.);
#647=VECTOR('',#2377,10.);
#648=VECTOR('',#2378,10.);
#649=VECTOR('',#2379,10.);
#650=VECTOR('',#2380,10.);
#651=VECTOR('',#2381,10.);
#652=VECTOR('',#2382,10.);
#653=VECTOR('',#2383,10.);
#654=VECTOR('',#2386,10.);
#655=VECTOR('',#2387,10.);
#656=VECTOR('',#2390,10.);
#657=VECTOR('',#2391,10.);
#658=VECTOR('',#2398,10.);
#659=VECTOR('',#2399,10.);
#660=VECTOR('',#2402,10.);
#661=VECTOR('',#2403,10.);
#662=VECTOR('',#2410,10.);
#663=VECTOR('',#2411,10.);
#664=VECTOR('',#2412,10.);
#665=VECTOR('',#2413,10.);
#666=VECTOR('',#2416,10.);
#667=VECTOR('',#2417,10.);
#668=VECTOR('',#2418,10.);
#669=VECTOR('',#2421,10.);
#670=VECTOR('',#2422,10.);
#671=VECTOR('',#2423,10.);
#672=VECTOR('',#2424,10.);
#673=VECTOR('',#2427,10.);
#674=VECTOR('',#2428,10.);
#675=VECTOR('',#2429,10.);
#676=VECTOR('',#2432,10.);
#677=VECTOR('',#2433,10.);
#678=VECTOR('',#2434,10.);
#679=VECTOR('',#2437,10.);
#680=VECTOR('',#2438,10.);
#681=VECTOR('',#2439,10.);
#682=VECTOR('',#2442,10.);
#683=VECTOR('',#2443,10.);
#684=VECTOR('',#2448,10.);
#685=VECTOR('',#2449,10.);
#686=VECTOR('',#2450,10.);
#687=VECTOR('',#2453,10.);
#688=VECTOR('',#2454,10.);
#689=VECTOR('',#2455,10.);
#690=VECTOR('',#2458,10.);
#691=VECTOR('',#2459,10.);
#692=VECTOR('',#2472,10.);
#693=VECTOR('',#2475,10.);
#694=VECTOR('',#2478,10.);
#695=VECTOR('',#2479,10.);
#696=VECTOR('',#2480,10.);
#697=VECTOR('',#2481,10.);
#698=VECTOR('',#2482,10.);
#699=VECTOR('',#2483,10.);
#700=VECTOR('',#2484,10.);
#701=VECTOR('',#2485,10.);
#702=VECTOR('',#2486,10.);
#703=VECTOR('',#2489,10.);
#704=VECTOR('',#2492,10.);
#705=VECTOR('',#2495,10.);
#706=VECTOR('',#2496,10.);
#707=VECTOR('',#2499,10.);
#708=VECTOR('',#2502,10.);
#709=VECTOR('',#2503,10.);
#710=VECTOR('',#2504,10.);
#711=VECTOR('',#2505,10.);
#712=VECTOR('',#2506,10.);
#713=VECTOR('',#2507,10.);
#714=VECTOR('',#2508,10.);
#715=VECTOR('',#2509,10.);
#716=VECTOR('',#2510,10.);
#717=VECTOR('',#2511,10.);
#718=VECTOR('',#2512,10.);
#719=VECTOR('',#2513,10.);
#720=VECTOR('',#2522,10.);
#721=VECTOR('',#2525,10.);
#722=VECTOR('',#2526,10.);
#723=VECTOR('',#2529,10.);
#724=VECTOR('',#2530,10.);
#725=VECTOR('',#2531,10.);
#726=VECTOR('',#2534,10.);
#727=VECTOR('',#2535,10.);
#728=VECTOR('',#2538,10.);
#729=VECTOR('',#2539,10.);
#730=VECTOR('',#2542,10.);
#731=VECTOR('',#2543,10.);
#732=VECTOR('',#2544,10.);
#733=VECTOR('',#2547,10.);
#734=VECTOR('',#2548,10.);
#735=VECTOR('',#2551,10.);
#736=VECTOR('',#2552,10.);
#737=VECTOR('',#2555,10.);
#738=VECTOR('',#2556,10.);
#739=VECTOR('',#2557,10.);
#740=VECTOR('',#2558,10.);
#741=VECTOR('',#2561,10.);
#742=VECTOR('',#2562,10.);
#743=VECTOR('',#2563,10.);
#744=VECTOR('',#2564,10.);
#745=VECTOR('',#2567,10.);
#746=VECTOR('',#2568,10.);
#747=VECTOR('',#2569,10.);
#748=VECTOR('',#2572,10.);
#749=VECTOR('',#2573,10.);
#750=VECTOR('',#2576,10.);
#751=VECTOR('',#2577,10.);
#752=VECTOR('',#2580,10.);
#753=VECTOR('',#2585,10.);
#754=VECTOR('',#2586,10.);
#755=VECTOR('',#2587,10.);
#756=VECTOR('',#2590,10.);
#757=VECTOR('',#2591,10.);
#758=VECTOR('',#2592,10.);
#759=VECTOR('',#2595,10.);
#760=VECTOR('',#2596,10.);
#761=VECTOR('',#2597,10.);
#762=VECTOR('',#2600,10.);
#763=VECTOR('',#2601,10.);
#764=VECTOR('',#2602,10.);
#765=VECTOR('',#2603,10.);
#766=VECTOR('',#2606,10.);
#767=VECTOR('',#2607,10.);
#768=VECTOR('',#2610,10.);
#769=VECTOR('',#2615,10.);
#770=VECTOR('',#2618,10.);
#771=VECTOR('',#2625,0.875000000000004);
#772=VECTOR('',#2632,2.5);
#773=VECTOR('',#2639,0.874999999999999);
#774=VECTOR('',#2646,2.5);
#775=VECTOR('',#2655,0.874999999999999);
#776=VECTOR('',#2662,2.5);
#777=VECTOR('',#2669,10.);
#778=VECTOR('',#2670,10.);
#779=VECTOR('',#2673,10.);
#780=VECTOR('',#2674,10.);
#781=VECTOR('',#2677,10.);
#782=VECTOR('',#2678,10.);
#783=VECTOR('',#2679,10.);
#784=VECTOR('',#2682,10.);
#785=VECTOR('',#2685,10.);
#786=VECTOR('',#2690,10.);
#787=VECTOR('',#2693,10.);
#788=CIRCLE('',#1973,1.75);
#789=CIRCLE('',#1974,1.75);
#790=CIRCLE('',#1977,1.75);
#791=CIRCLE('',#1978,1.75);
#792=CIRCLE('',#1981,1.75);
#793=CIRCLE('',#1982,1.75);
#794=CIRCLE('',#1985,1.75);
#795=CIRCLE('',#1986,1.75);
#796=CIRCLE('',#1989,2.5);
#797=CIRCLE('',#1990,3.5);
#798=CIRCLE('',#1992,2.5);
#799=CIRCLE('',#1994,5.);
#800=CIRCLE('',#1996,2.5);
#801=CIRCLE('',#1997,3.5);
#802=CIRCLE('',#1999,2.5);
#803=CIRCLE('',#2001,5.);
#804=CIRCLE('',#2003,2.5);
#805=CIRCLE('',#2004,3.5);
#806=CIRCLE('',#2006,2.5);
#807=CIRCLE('',#2008,5.);
#808=CIRCLE('',#2010,2.5);
#809=CIRCLE('',#2011,3.5);
#810=CIRCLE('',#2013,2.5);
#811=CIRCLE('',#2015,5.);
#812=CIRCLE('',#2017,3.5);
#813=CIRCLE('',#2018,2.5);
#814=CIRCLE('',#2020,2.5);
#815=CIRCLE('',#2022,7.5);
#816=CIRCLE('',#2024,3.5);
#817=CIRCLE('',#2025,2.5);
#818=CIRCLE('',#2027,2.5);
#819=CIRCLE('',#2029,7.5);
#820=CIRCLE('',#2031,3.5);
#821=CIRCLE('',#2032,2.5);
#822=CIRCLE('',#2034,2.5);
#823=CIRCLE('',#2036,7.5);
#824=CIRCLE('',#2038,3.5);
#825=CIRCLE('',#2039,2.5);
#826=CIRCLE('',#2041,2.5);
#827=CIRCLE('',#2043,7.5);
#828=CIRCLE('',#2046,7.5);
#829=CIRCLE('',#2051,7.5);
#830=CIRCLE('',#2057,7.5);
#831=CIRCLE('',#2061,7.5);
#832=CIRCLE('',#2079,5.);
#833=CIRCLE('',#2082,5.);
#834=CIRCLE('',#2084,5.);
#835=CIRCLE('',#2085,5.);
#836=CIRCLE('',#2086,2.5);
#837=CIRCLE('',#2087,2.5);
#838=CIRCLE('',#2088,2.5);
#839=CIRCLE('',#2115,0.875000000000004);
#840=CIRCLE('',#2116,0.875000000000004);
#841=CIRCLE('',#2118,2.5);
#842=CIRCLE('',#2121,0.874999999999999);
#843=CIRCLE('',#2122,0.874999999999999);
#844=CIRCLE('',#2124,2.5);
#845=CIRCLE('',#2128,0.874999999999999);
#846=CIRCLE('',#2129,0.874999999999999);
#847=CIRCLE('',#2131,2.5);
#848=VERTEX_POINT('',#2701);
#849=VERTEX_POINT('',#2703);
#850=VERTEX_POINT('',#2708);
#851=VERTEX_POINT('',#2710);
#852=VERTEX_POINT('',#2715);
#853=VERTEX_POINT('',#2717);
#854=VERTEX_POINT('',#2722);
#855=VERTEX_POINT('',#2724);
#856=VERTEX_POINT('',#2729);
#857=VERTEX_POINT('',#2731);
#858=VERTEX_POINT('',#2735);
#859=VERTEX_POINT('',#2739);
#860=VERTEX_POINT('',#2740);
#861=VERTEX_POINT('',#2742);
#862=VERTEX_POINT('',#2746);
#863=VERTEX_POINT('',#2748);
#864=VERTEX_POINT('',#2752);
#865=VERTEX_POINT('',#2756);
#866=VERTEX_POINT('',#2757);
#867=VERTEX_POINT('',#2759);
#868=VERTEX_POINT('',#2763);
#869=VERTEX_POINT('',#2765);
#870=VERTEX_POINT('',#2769);
#871=VERTEX_POINT('',#2773);
#872=VERTEX_POINT('',#2774);
#873=VERTEX_POINT('',#2776);
#874=VERTEX_POINT('',#2780);
#875=VERTEX_POINT('',#2782);
#876=VERTEX_POINT('',#2786);
#877=VERTEX_POINT('',#2790);
#878=VERTEX_POINT('',#2791);
#879=VERTEX_POINT('',#2793);
#880=VERTEX_POINT('',#2797);
#881=VERTEX_POINT('',#2799);
#882=VERTEX_POINT('',#2803);
#883=VERTEX_POINT('',#2807);
#884=VERTEX_POINT('',#2808);
#885=VERTEX_POINT('',#2810);
#886=VERTEX_POINT('',#2812);
#887=VERTEX_POINT('',#2816);
#888=VERTEX_POINT('',#2818);
#889=VERTEX_POINT('',#2822);
#890=VERTEX_POINT('',#2826);
#891=VERTEX_POINT('',#2827);
#892=VERTEX_POINT('',#2829);
#893=VERTEX_POINT('',#2831);
#894=VERTEX_POINT('',#2835);
#895=VERTEX_POINT('',#2837);
#896=VERTEX_POINT('',#2841);
#897=VERTEX_POINT('',#2845);
#898=VERTEX_POINT('',#2846);
#899=VERTEX_POINT('',#2848);
#900=VERTEX_POINT('',#2850);
#901=VERTEX_POINT('',#2854);
#902=VERTEX_POINT('',#2856);
#903=VERTEX_POINT('',#2860);
#904=VERTEX_POINT('',#2864);
#905=VERTEX_POINT('',#2865);
#906=VERTEX_POINT('',#2867);
#907=VERTEX_POINT('',#2869);
#908=VERTEX_POINT('',#2873);
#909=VERTEX_POINT('',#2875);
#910=VERTEX_POINT('',#2879);
#911=VERTEX_POINT('',#2883);
#912=VERTEX_POINT('',#2887);
#913=VERTEX_POINT('',#2889);
#914=VERTEX_POINT('',#2891);
#915=VERTEX_POINT('',#2893);
#916=VERTEX_POINT('',#2895);
#917=VERTEX_POINT('',#2897);
#918=VERTEX_POINT('',#2899);
#919=VERTEX_POINT('',#2901);
#920=VERTEX_POINT('',#2903);
#921=VERTEX_POINT('',#2906);
#922=VERTEX_POINT('',#2910);
#923=VERTEX_POINT('',#2912);
#924=VERTEX_POINT('',#2916);
#925=VERTEX_POINT('',#2920);
#926=VERTEX_POINT('',#2924);
#927=VERTEX_POINT('',#2927);
#928=VERTEX_POINT('',#2929);
#929=VERTEX_POINT('',#2931);
#930=VERTEX_POINT('',#2933);
#931=VERTEX_POINT('',#2935);
#932=VERTEX_POINT('',#2939);
#933=VERTEX_POINT('',#2943);
#934=VERTEX_POINT('',#2949);
#935=VERTEX_POINT('',#2953);
#936=VERTEX_POINT('',#2959);
#937=VERTEX_POINT('',#2960);
#938=VERTEX_POINT('',#2962);
#939=VERTEX_POINT('',#2964);
#940=VERTEX_POINT('',#2968);
#941=VERTEX_POINT('',#2970);
#942=VERTEX_POINT('',#2974);
#943=VERTEX_POINT('',#2975);
#944=VERTEX_POINT('',#2977);
#945=VERTEX_POINT('',#2979);
#946=VERTEX_POINT('',#2983);
#947=VERTEX_POINT('',#2985);
#948=VERTEX_POINT('',#2989);
#949=VERTEX_POINT('',#2991);
#950=VERTEX_POINT('',#2995);
#951=VERTEX_POINT('',#2997);
#952=VERTEX_POINT('',#3005);
#953=VERTEX_POINT('',#3007);
#954=VERTEX_POINT('',#3011);
#955=VERTEX_POINT('',#3013);
#956=VERTEX_POINT('',#3025);
#957=VERTEX_POINT('',#3027);
#958=VERTEX_POINT('',#3031);
#959=VERTEX_POINT('',#3034);
#960=VERTEX_POINT('',#3036);
#961=VERTEX_POINT('',#3038);
#962=VERTEX_POINT('',#3040);
#963=VERTEX_POINT('',#3042);
#964=VERTEX_POINT('',#3044);
#965=VERTEX_POINT('',#3048);
#966=VERTEX_POINT('',#3050);
#967=VERTEX_POINT('',#3055);
#968=VERTEX_POINT('',#3057);
#969=VERTEX_POINT('',#3059);
#970=VERTEX_POINT('',#3062);
#971=VERTEX_POINT('',#3063);
#972=VERTEX_POINT('',#3065);
#973=VERTEX_POINT('',#3067);
#974=VERTEX_POINT('',#3069);
#975=VERTEX_POINT('',#3071);
#976=VERTEX_POINT('',#3073);
#977=VERTEX_POINT('',#3075);
#978=VERTEX_POINT('',#3077);
#979=VERTEX_POINT('',#3079);
#980=VERTEX_POINT('',#3081);
#981=VERTEX_POINT('',#3083);
#982=VERTEX_POINT('',#3086);
#983=VERTEX_POINT('',#3088);
#984=VERTEX_POINT('',#3090);
#985=VERTEX_POINT('',#3098);
#986=VERTEX_POINT('',#3100);
#987=VERTEX_POINT('',#3104);
#988=VERTEX_POINT('',#3108);
#989=VERTEX_POINT('',#3112);
#990=VERTEX_POINT('',#3114);
#991=VERTEX_POINT('',#3118);
#992=VERTEX_POINT('',#3122);
#993=VERTEX_POINT('',#3126);
#994=VERTEX_POINT('',#3127);
#995=VERTEX_POINT('',#3129);
#996=VERTEX_POINT('',#3131);
#997=VERTEX_POINT('',#3135);
#998=VERTEX_POINT('',#3137);
#999=VERTEX_POINT('',#3142);
#1000=VERTEX_POINT('',#3147);
#1001=VERTEX_POINT('',#3151);
#1002=VERTEX_POINT('',#3158);
#1003=VERTEX_POINT('',#3159);
#1004=VERTEX_POINT('',#3164);
#1005=VERTEX_POINT('',#3166);
#1006=VERTEX_POINT('',#3170);
#1007=VERTEX_POINT('',#3172);
#1008=VERTEX_POINT('',#3176);
#1009=VERTEX_POINT('',#3178);
#1010=VERTEX_POINT('',#3183);
#1011=VERTEX_POINT('',#3195);
#1012=VERTEX_POINT('',#3197);
#1013=VERTEX_POINT('',#3201);
#1014=VERTEX_POINT('',#3206);
#1015=VERTEX_POINT('',#3208);
#1016=VERTEX_POINT('',#3212);
#1017=VERTEX_POINT('',#3218);
#1018=VERTEX_POINT('',#3220);
#1019=VERTEX_POINT('',#3224);
#1020=VERTEX_POINT('',#3230);
#1021=VERTEX_POINT('',#3234);
#1022=EDGE_CURVE('',#848,#848,#788,.T.);
#1023=EDGE_CURVE('',#848,#849,#376,.T.);
#1024=EDGE_CURVE('',#849,#849,#789,.T.);
#1025=EDGE_CURVE('',#850,#850,#790,.T.);
#1026=EDGE_CURVE('',#850,#851,#377,.T.);
#1027=EDGE_CURVE('',#851,#851,#791,.T.);
#1028=EDGE_CURVE('',#852,#852,#792,.T.);
#1029=EDGE_CURVE('',#852,#853,#378,.T.);
#1030=EDGE_CURVE('',#853,#853,#793,.T.);
#1031=EDGE_CURVE('',#854,#854,#794,.T.);
#1032=EDGE_CURVE('',#854,#855,#379,.T.);
#1033=EDGE_CURVE('',#855,#855,#795,.T.);
#1034=EDGE_CURVE('',#856,#856,#796,.T.);
#1035=EDGE_CURVE('',#856,#857,#380,.T.);
#1036=EDGE_CURVE('',#857,#857,#797,.T.);
#1037=EDGE_CURVE('',#856,#858,#381,.T.);
#1038=EDGE_CURVE('',#858,#858,#798,.T.);
#1039=EDGE_CURVE('',#859,#860,#382,.T.);
#1040=EDGE_CURVE('',#861,#859,#799,.F.);
#1041=EDGE_CURVE('',#860,#861,#383,.T.);
#1042=EDGE_CURVE('',#862,#862,#800,.T.);
#1043=EDGE_CURVE('',#862,#863,#384,.T.);
#1044=EDGE_CURVE('',#863,#863,#801,.T.);
#1045=EDGE_CURVE('',#862,#864,#385,.T.);
#1046=EDGE_CURVE('',#864,#864,#802,.T.);
#1047=EDGE_CURVE('',#865,#866,#386,.T.);
#1048=EDGE_CURVE('',#867,#865,#387,.T.);
#1049=EDGE_CURVE('',#866,#867,#803,.F.);
#1050=EDGE_CURVE('',#868,#868,#804,.T.);
#1051=EDGE_CURVE('',#868,#869,#388,.T.);
#1052=EDGE_CURVE('',#869,#869,#805,.T.);
#1053=EDGE_CURVE('',#868,#870,#389,.T.);
#1054=EDGE_CURVE('',#870,#870,#806,.T.);
#1055=EDGE_CURVE('',#871,#872,#390,.T.);
#1056=EDGE_CURVE('',#873,#871,#391,.T.);
#1057=EDGE_CURVE('',#872,#873,#807,.F.);
#1058=EDGE_CURVE('',#874,#874,#808,.T.);
#1059=EDGE_CURVE('',#874,#875,#392,.T.);
#1060=EDGE_CURVE('',#875,#875,#809,.T.);
#1061=EDGE_CURVE('',#874,#876,#393,.T.);
#1062=EDGE_CURVE('',#876,#876,#810,.T.);
#1063=EDGE_CURVE('',#877,#878,#394,.T.);
#1064=EDGE_CURVE('',#879,#877,#395,.T.);
#1065=EDGE_CURVE('',#878,#879,#811,.F.);
#1066=EDGE_CURVE('',#880,#880,#812,.T.);
#1067=EDGE_CURVE('',#880,#881,#396,.T.);
#1068=EDGE_CURVE('',#881,#881,#813,.T.);
#1069=EDGE_CURVE('',#881,#882,#397,.T.);
#1070=EDGE_CURVE('',#882,#882,#814,.T.);
#1071=EDGE_CURVE('',#883,#884,#815,.T.);
#1072=EDGE_CURVE('',#884,#885,#398,.T.);
#1073=EDGE_CURVE('',#886,#885,#399,.T.);
#1074=EDGE_CURVE('',#886,#883,#400,.T.);
#1075=EDGE_CURVE('',#887,#887,#816,.T.);
#1076=EDGE_CURVE('',#887,#888,#401,.T.);
#1077=EDGE_CURVE('',#888,#888,#817,.T.);
#1078=EDGE_CURVE('',#888,#889,#402,.T.);
#1079=EDGE_CURVE('',#889,#889,#818,.T.);
#1080=EDGE_CURVE('',#890,#891,#403,.T.);
#1081=EDGE_CURVE('',#891,#892,#819,.T.);
#1082=EDGE_CURVE('',#892,#893,#404,.T.);
#1083=EDGE_CURVE('',#890,#893,#405,.T.);
#1084=EDGE_CURVE('',#894,#894,#820,.T.);
#1085=EDGE_CURVE('',#894,#895,#406,.T.);
#1086=EDGE_CURVE('',#895,#895,#821,.T.);
#1087=EDGE_CURVE('',#895,#896,#407,.T.);
#1088=EDGE_CURVE('',#896,#896,#822,.T.);
#1089=EDGE_CURVE('',#897,#898,#408,.T.);
#1090=EDGE_CURVE('',#897,#899,#409,.T.);
#1091=EDGE_CURVE('',#899,#900,#823,.T.);
#1092=EDGE_CURVE('',#900,#898,#410,.T.);
#1093=EDGE_CURVE('',#901,#901,#824,.T.);
#1094=EDGE_CURVE('',#901,#902,#411,.T.);
#1095=EDGE_CURVE('',#902,#902,#825,.T.);
#1096=EDGE_CURVE('',#902,#903,#412,.T.);
#1097=EDGE_CURVE('',#903,#903,#826,.T.);
#1098=EDGE_CURVE('',#904,#905,#827,.T.);
#1099=EDGE_CURVE('',#905,#906,#413,.T.);
#1100=EDGE_CURVE('',#907,#906,#414,.T.);
#1101=EDGE_CURVE('',#907,#904,#415,.T.);
#1102=EDGE_CURVE('',#898,#908,#416,.T.);
#1103=EDGE_CURVE('',#909,#900,#417,.T.);
#1104=EDGE_CURVE('',#909,#908,#418,.T.);
#1105=EDGE_CURVE('',#910,#899,#419,.T.);
#1106=EDGE_CURVE('',#910,#909,#828,.T.);
#1107=EDGE_CURVE('',#911,#897,#420,.T.);
#1108=EDGE_CURVE('',#911,#910,#421,.T.);
#1109=EDGE_CURVE('',#912,#908,#422,.T.);
#1110=EDGE_CURVE('',#913,#912,#423,.T.);
#1111=EDGE_CURVE('',#914,#913,#424,.T.);
#1112=EDGE_CURVE('',#915,#914,#425,.T.);
#1113=EDGE_CURVE('',#916,#915,#426,.T.);
#1114=EDGE_CURVE('',#916,#917,#427,.T.);
#1115=EDGE_CURVE('',#918,#917,#428,.T.);
#1116=EDGE_CURVE('',#919,#918,#429,.T.);
#1117=EDGE_CURVE('',#920,#919,#430,.T.);
#1118=EDGE_CURVE('',#920,#907,#431,.T.);
#1119=EDGE_CURVE('',#906,#921,#432,.T.);
#1120=EDGE_CURVE('',#911,#921,#433,.T.);
#1121=EDGE_CURVE('',#893,#922,#434,.T.);
#1122=EDGE_CURVE('',#923,#892,#435,.T.);
#1123=EDGE_CURVE('',#923,#922,#436,.T.);
#1124=EDGE_CURVE('',#924,#891,#437,.T.);
#1125=EDGE_CURVE('',#924,#923,#829,.T.);
#1126=EDGE_CURVE('',#925,#890,#438,.T.);
#1127=EDGE_CURVE('',#925,#924,#439,.T.);
#1128=EDGE_CURVE('',#926,#922,#440,.T.);
#1129=EDGE_CURVE('',#926,#886,#441,.T.);
#1130=EDGE_CURVE('',#885,#927,#442,.T.);
#1131=EDGE_CURVE('',#928,#927,#443,.T.);
#1132=EDGE_CURVE('',#928,#929,#444,.T.);
#1133=EDGE_CURVE('',#930,#929,#445,.T.);
#1134=EDGE_CURVE('',#931,#930,#446,.T.);
#1135=EDGE_CURVE('',#925,#931,#447,.T.);
#1136=EDGE_CURVE('',#904,#932,#448,.T.);
#1137=EDGE_CURVE('',#920,#932,#449,.T.);
#1138=EDGE_CURVE('',#933,#905,#450,.T.);
#1139=EDGE_CURVE('',#933,#921,#451,.T.);
#1140=EDGE_CURVE('',#932,#933,#830,.T.);
#1141=EDGE_CURVE('',#883,#934,#452,.T.);
#1142=EDGE_CURVE('',#926,#934,#453,.T.);
#1143=EDGE_CURVE('',#935,#884,#454,.T.);
#1144=EDGE_CURVE('',#935,#927,#455,.T.);
#1145=EDGE_CURVE('',#934,#935,#831,.T.);
#1146=EDGE_CURVE('',#936,#937,#456,.T.);
#1147=EDGE_CURVE('',#937,#938,#457,.T.);
#1148=EDGE_CURVE('',#938,#939,#458,.T.);
#1149=EDGE_CURVE('',#939,#936,#459,.T.);
#1150=EDGE_CURVE('',#937,#940,#460,.T.);
#1151=EDGE_CURVE('',#940,#941,#461,.F.);
#1152=EDGE_CURVE('',#938,#941,#462,.T.);
#1153=EDGE_CURVE('',#942,#943,#463,.T.);
#1154=EDGE_CURVE('',#943,#944,#464,.T.);
#1155=EDGE_CURVE('',#944,#945,#465,.T.);
#1156=EDGE_CURVE('',#945,#942,#466,.T.);
#1157=EDGE_CURVE('',#943,#946,#467,.T.);
#1158=EDGE_CURVE('',#946,#947,#468,.F.);
#1159=EDGE_CURVE('',#944,#947,#469,.T.);
#1160=EDGE_CURVE('',#947,#948,#470,.F.);
#1161=EDGE_CURVE('',#949,#948,#471,.T.);
#1162=EDGE_CURVE('',#945,#949,#472,.T.);
#1163=EDGE_CURVE('',#948,#950,#473,.F.);
#1164=EDGE_CURVE('',#951,#950,#474,.T.);
#1165=EDGE_CURVE('',#949,#951,#475,.T.);
#1166=EDGE_CURVE('',#950,#946,#476,.F.);
#1167=EDGE_CURVE('',#951,#942,#477,.T.);
#1168=EDGE_CURVE('',#952,#940,#478,.F.);
#1169=EDGE_CURVE('',#953,#936,#479,.T.);
#1170=EDGE_CURVE('',#953,#952,#480,.T.);
#1171=EDGE_CURVE('',#941,#954,#481,.F.);
#1172=EDGE_CURVE('',#955,#954,#482,.T.);
#1173=EDGE_CURVE('',#939,#955,#483,.T.);
#1174=EDGE_CURVE('',#954,#952,#484,.F.);
#1175=EDGE_CURVE('',#955,#953,#485,.T.);
#1176=EDGE_CURVE('',#956,#859,#486,.T.);
#1177=EDGE_CURVE('',#957,#956,#832,.T.);
#1178=EDGE_CURVE('',#957,#861,#487,.T.);
#1179=EDGE_CURVE('',#958,#957,#488,.T.);
#1180=EDGE_CURVE('',#958,#867,#489,.T.);
#1181=EDGE_CURVE('',#865,#959,#490,.T.);
#1182=EDGE_CURVE('',#960,#959,#491,.T.);
#1183=EDGE_CURVE('',#961,#960,#492,.T.);
#1184=EDGE_CURVE('',#961,#962,#493,.F.);
#1185=EDGE_CURVE('',#962,#963,#494,.T.);
#1186=EDGE_CURVE('',#964,#963,#495,.T.);
#1187=EDGE_CURVE('',#860,#964,#496,.T.);
#1188=EDGE_CURVE('',#965,#879,#497,.T.);
#1189=EDGE_CURVE('',#966,#965,#833,.T.);
#1190=EDGE_CURVE('',#966,#878,#498,.T.);
#1191=EDGE_CURVE('',#956,#966,#499,.T.);
#1192=EDGE_CURVE('',#965,#967,#500,.T.);
#1193=EDGE_CURVE('',#967,#968,#834,.T.);
#1194=EDGE_CURVE('',#968,#969,#501,.T.);
#1195=EDGE_CURVE('',#969,#958,#835,.T.);
#1196=EDGE_CURVE('',#970,#971,#502,.T.);
#1197=EDGE_CURVE('',#971,#972,#503,.T.);
#1198=EDGE_CURVE('',#972,#973,#504,.T.);
#1199=EDGE_CURVE('',#973,#974,#505,.T.);
#1200=EDGE_CURVE('',#974,#975,#506,.T.);
#1201=EDGE_CURVE('',#975,#976,#507,.T.);
#1202=EDGE_CURVE('',#976,#977,#508,.T.);
#1203=EDGE_CURVE('',#977,#978,#509,.T.);
#1204=EDGE_CURVE('',#978,#979,#510,.T.);
#1205=EDGE_CURVE('',#979,#980,#511,.T.);
#1206=EDGE_CURVE('',#980,#981,#512,.T.);
#1207=EDGE_CURVE('',#981,#970,#513,.T.);
#1208=EDGE_CURVE('',#982,#982,#836,.T.);
#1209=EDGE_CURVE('',#983,#983,#837,.T.);
#1210=EDGE_CURVE('',#984,#984,#838,.T.);
#1211=EDGE_CURVE('',#969,#866,#514,.T.);
#1212=EDGE_CURVE('',#968,#873,#515,.T.);
#1213=EDGE_CURVE('',#967,#872,#516,.T.);
#1214=EDGE_CURVE('',#985,#915,#517,.T.);
#1215=EDGE_CURVE('',#985,#986,#518,.T.);
#1216=EDGE_CURVE('',#916,#986,#519,.T.);
#1217=EDGE_CURVE('',#987,#914,#520,.T.);
#1218=EDGE_CURVE('',#985,#987,#521,.T.);
#1219=EDGE_CURVE('',#986,#988,#522,.T.);
#1220=EDGE_CURVE('',#917,#988,#523,.T.);
#1221=EDGE_CURVE('',#962,#989,#524,.T.);
#1222=EDGE_CURVE('',#990,#961,#525,.T.);
#1223=EDGE_CURVE('',#989,#990,#526,.F.);
#1224=EDGE_CURVE('',#989,#991,#527,.T.);
#1225=EDGE_CURVE('',#963,#991,#528,.T.);
#1226=EDGE_CURVE('',#992,#960,#529,.T.);
#1227=EDGE_CURVE('',#990,#992,#530,.T.);
#1228=EDGE_CURVE('',#993,#994,#531,.T.);
#1229=EDGE_CURVE('',#994,#995,#532,.T.);
#1230=EDGE_CURVE('',#995,#996,#533,.F.);
#1231=EDGE_CURVE('',#993,#996,#534,.T.);
#1232=EDGE_CURVE('',#975,#997,#535,.T.);
#1233=EDGE_CURVE('',#974,#998,#536,.T.);
#1234=EDGE_CURVE('',#998,#995,#537,.F.);
#1235=EDGE_CURVE('',#994,#997,#538,.T.);
#1236=EDGE_CURVE('',#996,#999,#539,.F.);
#1237=EDGE_CURVE('',#971,#999,#540,.T.);
#1238=EDGE_CURVE('',#993,#970,#541,.T.);
#1239=EDGE_CURVE('',#999,#1000,#542,.F.);
#1240=EDGE_CURVE('',#972,#1000,#543,.T.);
#1241=EDGE_CURVE('',#1000,#1001,#544,.F.);
#1242=EDGE_CURVE('',#973,#1001,#545,.T.);
#1243=EDGE_CURVE('',#1001,#998,#546,.F.);
#1244=EDGE_CURVE('',#1002,#1003,#547,.F.);
#1245=EDGE_CURVE('',#980,#1003,#548,.T.);
#1246=EDGE_CURVE('',#979,#1002,#549,.T.);
#1247=EDGE_CURVE('',#1003,#1004,#550,.F.);
#1248=EDGE_CURVE('',#1005,#1004,#551,.T.);
#1249=EDGE_CURVE('',#981,#1005,#552,.T.);
#1250=EDGE_CURVE('',#1006,#1005,#553,.T.);
#1251=EDGE_CURVE('',#1004,#1007,#554,.F.);
#1252=EDGE_CURVE('',#1006,#1007,#555,.T.);
#1253=EDGE_CURVE('',#1008,#1006,#556,.T.);
#1254=EDGE_CURVE('',#1007,#1009,#557,.F.);
#1255=EDGE_CURVE('',#977,#1009,#558,.T.);
#1256=EDGE_CURVE('',#976,#1008,#559,.T.);
#1257=EDGE_CURVE('',#1009,#1010,#560,.F.);
#1258=EDGE_CURVE('',#978,#1010,#561,.T.);
#1259=EDGE_CURVE('',#1010,#1002,#562,.F.);
#1260=EDGE_CURVE('',#997,#1008,#563,.T.);
#1261=EDGE_CURVE('',#1005,#993,#564,.T.);
#1262=EDGE_CURVE('',#1011,#1011,#839,.T.);
#1263=EDGE_CURVE('',#1011,#1012,#565,.T.);
#1264=EDGE_CURVE('',#1012,#1012,#840,.T.);
#1265=EDGE_CURVE('',#1013,#1013,#841,.T.);
#1266=EDGE_CURVE('',#1013,#984,#566,.T.);
#1267=EDGE_CURVE('',#1014,#1014,#842,.T.);
#1268=EDGE_CURVE('',#1014,#1015,#567,.T.);
#1269=EDGE_CURVE('',#1015,#1015,#843,.T.);
#1270=EDGE_CURVE('',#1016,#1016,#844,.T.);
#1271=EDGE_CURVE('',#1016,#982,#568,.T.);
#1272=EDGE_CURVE('',#1017,#1017,#845,.T.);
#1273=EDGE_CURVE('',#1017,#1018,#569,.T.);
#1274=EDGE_CURVE('',#1018,#1018,#846,.T.);
#1275=EDGE_CURVE('',#1019,#1019,#847,.T.);
#1276=EDGE_CURVE('',#1019,#983,#570,.T.);
#1277=EDGE_CURVE('',#1020,#964,#571,.T.);
#1278=EDGE_CURVE('',#877,#1020,#572,.T.);
#1279=EDGE_CURVE('',#1021,#1020,#573,.T.);
#1280=EDGE_CURVE('',#871,#1021,#574,.T.);
#1281=EDGE_CURVE('',#929,#918,#575,.T.);
#1282=EDGE_CURVE('',#988,#1021,#576,.T.);
#1283=EDGE_CURVE('',#991,#930,#577,.T.);
#1284=EDGE_CURVE('',#959,#987,#578,.T.);
#1285=EDGE_CURVE('',#913,#992,#579,.T.);
#1286=EDGE_CURVE('',#919,#928,#580,.T.);
#1287=EDGE_CURVE('',#931,#912,#581,.T.);
#1288=ORIENTED_EDGE('',*,*,#1022,.F.);
#1289=ORIENTED_EDGE('',*,*,#1023,.T.);
#1290=ORIENTED_EDGE('',*,*,#1024,.T.);
#1291=ORIENTED_EDGE('',*,*,#1023,.F.);
#1292=ORIENTED_EDGE('',*,*,#1024,.F.);
#1293=ORIENTED_EDGE('',*,*,#1025,.F.);
#1294=ORIENTED_EDGE('',*,*,#1026,.T.);
#1295=ORIENTED_EDGE('',*,*,#1027,.T.);
#1296=ORIENTED_EDGE('',*,*,#1026,.F.);
#1297=ORIENTED_EDGE('',*,*,#1027,.F.);
#1298=ORIENTED_EDGE('',*,*,#1028,.F.);
#1299=ORIENTED_EDGE('',*,*,#1029,.T.);
#1300=ORIENTED_EDGE('',*,*,#1030,.T.);
#1301=ORIENTED_EDGE('',*,*,#1029,.F.);
#1302=ORIENTED_EDGE('',*,*,#1030,.F.);
#1303=ORIENTED_EDGE('',*,*,#1031,.F.);
#1304=ORIENTED_EDGE('',*,*,#1032,.T.);
#1305=ORIENTED_EDGE('',*,*,#1033,.T.);
#1306=ORIENTED_EDGE('',*,*,#1032,.F.);
#1307=ORIENTED_EDGE('',*,*,#1033,.F.);
#1308=ORIENTED_EDGE('',*,*,#1034,.T.);
#1309=ORIENTED_EDGE('',*,*,#1035,.T.);
#1310=ORIENTED_EDGE('',*,*,#1036,.T.);
#1311=ORIENTED_EDGE('',*,*,#1035,.F.);
#1312=ORIENTED_EDGE('',*,*,#1034,.F.);
#1313=ORIENTED_EDGE('',*,*,#1037,.T.);
#1314=ORIENTED_EDGE('',*,*,#1038,.T.);
#1315=ORIENTED_EDGE('',*,*,#1037,.F.);
#1316=ORIENTED_EDGE('',*,*,#1039,.F.);
#1317=ORIENTED_EDGE('',*,*,#1040,.F.);
#1318=ORIENTED_EDGE('',*,*,#1041,.F.);
#1319=ORIENTED_EDGE('',*,*,#1036,.F.);
#1320=ORIENTED_EDGE('',*,*,#1042,.T.);
#1321=ORIENTED_EDGE('',*,*,#1043,.T.);
#1322=ORIENTED_EDGE('',*,*,#1044,.T.);
#1323=ORIENTED_EDGE('',*,*,#1043,.F.);
#1324=ORIENTED_EDGE('',*,*,#1042,.F.);
#1325=ORIENTED_EDGE('',*,*,#1045,.T.);
#1326=ORIENTED_EDGE('',*,*,#1046,.T.);
#1327=ORIENTED_EDGE('',*,*,#1045,.F.);
#1328=ORIENTED_EDGE('',*,*,#1047,.F.);
#1329=ORIENTED_EDGE('',*,*,#1048,.F.);
#1330=ORIENTED_EDGE('',*,*,#1049,.F.);
#1331=ORIENTED_EDGE('',*,*,#1044,.F.);
#1332=ORIENTED_EDGE('',*,*,#1050,.T.);
#1333=ORIENTED_EDGE('',*,*,#1051,.T.);
#1334=ORIENTED_EDGE('',*,*,#1052,.T.);
#1335=ORIENTED_EDGE('',*,*,#1051,.F.);
#1336=ORIENTED_EDGE('',*,*,#1050,.F.);
#1337=ORIENTED_EDGE('',*,*,#1053,.T.);
#1338=ORIENTED_EDGE('',*,*,#1054,.T.);
#1339=ORIENTED_EDGE('',*,*,#1053,.F.);
#1340=ORIENTED_EDGE('',*,*,#1055,.F.);
#1341=ORIENTED_EDGE('',*,*,#1056,.F.);
#1342=ORIENTED_EDGE('',*,*,#1057,.F.);
#1343=ORIENTED_EDGE('',*,*,#1052,.F.);
#1344=ORIENTED_EDGE('',*,*,#1058,.T.);
#1345=ORIENTED_EDGE('',*,*,#1059,.T.);
#1346=ORIENTED_EDGE('',*,*,#1060,.T.);
#1347=ORIENTED_EDGE('',*,*,#1059,.F.);
#1348=ORIENTED_EDGE('',*,*,#1058,.F.);
#1349=ORIENTED_EDGE('',*,*,#1061,.T.);
#1350=ORIENTED_EDGE('',*,*,#1062,.T.);
#1351=ORIENTED_EDGE('',*,*,#1061,.F.);
#1352=ORIENTED_EDGE('',*,*,#1063,.F.);
#1353=ORIENTED_EDGE('',*,*,#1064,.F.);
#1354=ORIENTED_EDGE('',*,*,#1065,.F.);
#1355=ORIENTED_EDGE('',*,*,#1060,.F.);
#1356=ORIENTED_EDGE('',*,*,#1066,.T.);
#1357=ORIENTED_EDGE('',*,*,#1067,.T.);
#1358=ORIENTED_EDGE('',*,*,#1068,.T.);
#1359=ORIENTED_EDGE('',*,*,#1067,.F.);
#1360=ORIENTED_EDGE('',*,*,#1068,.F.);
#1361=ORIENTED_EDGE('',*,*,#1069,.T.);
#1362=ORIENTED_EDGE('',*,*,#1070,.T.);
#1363=ORIENTED_EDGE('',*,*,#1069,.F.);
#1364=ORIENTED_EDGE('',*,*,#1071,.T.);
#1365=ORIENTED_EDGE('',*,*,#1072,.T.);
#1366=ORIENTED_EDGE('',*,*,#1073,.F.);
#1367=ORIENTED_EDGE('',*,*,#1074,.T.);
#1368=ORIENTED_EDGE('',*,*,#1066,.F.);
#1369=ORIENTED_EDGE('',*,*,#1075,.T.);
#1370=ORIENTED_EDGE('',*,*,#1076,.T.);
#1371=ORIENTED_EDGE('',*,*,#1077,.T.);
#1372=ORIENTED_EDGE('',*,*,#1076,.F.);
#1373=ORIENTED_EDGE('',*,*,#1077,.F.);
#1374=ORIENTED_EDGE('',*,*,#1078,.T.);
#1375=ORIENTED_EDGE('',*,*,#1079,.T.);
#1376=ORIENTED_EDGE('',*,*,#1078,.F.);
#1377=ORIENTED_EDGE('',*,*,#1080,.T.);
#1378=ORIENTED_EDGE('',*,*,#1081,.T.);
#1379=ORIENTED_EDGE('',*,*,#1082,.T.);
#1380=ORIENTED_EDGE('',*,*,#1083,.F.);
#1381=ORIENTED_EDGE('',*,*,#1075,.F.);
#1382=ORIENTED_EDGE('',*,*,#1084,.T.);
#1383=ORIENTED_EDGE('',*,*,#1085,.T.);
#1384=ORIENTED_EDGE('',*,*,#1086,.T.);
#1385=ORIENTED_EDGE('',*,*,#1085,.F.);
#1386=ORIENTED_EDGE('',*,*,#1086,.F.);
#1387=ORIENTED_EDGE('',*,*,#1087,.T.);
#1388=ORIENTED_EDGE('',*,*,#1088,.T.);
#1389=ORIENTED_EDGE('',*,*,#1087,.F.);
#1390=ORIENTED_EDGE('',*,*,#1089,.F.);
#1391=ORIENTED_EDGE('',*,*,#1090,.T.);
#1392=ORIENTED_EDGE('',*,*,#1091,.T.);
#1393=ORIENTED_EDGE('',*,*,#1092,.T.);
#1394=ORIENTED_EDGE('',*,*,#1084,.F.);
#1395=ORIENTED_EDGE('',*,*,#1093,.T.);
#1396=ORIENTED_EDGE('',*,*,#1094,.T.);
#1397=ORIENTED_EDGE('',*,*,#1095,.T.);
#1398=ORIENTED_EDGE('',*,*,#1094,.F.);
#1399=ORIENTED_EDGE('',*,*,#1095,.F.);
#1400=ORIENTED_EDGE('',*,*,#1096,.T.);
#1401=ORIENTED_EDGE('',*,*,#1097,.T.);
#1402=ORIENTED_EDGE('',*,*,#1096,.F.);
#1403=ORIENTED_EDGE('',*,*,#1098,.T.);
#1404=ORIENTED_EDGE('',*,*,#1099,.T.);
#1405=ORIENTED_EDGE('',*,*,#1100,.F.);
#1406=ORIENTED_EDGE('',*,*,#1101,.T.);
#1407=ORIENTED_EDGE('',*,*,#1093,.F.);
#1408=ORIENTED_EDGE('',*,*,#1102,.F.);
#1409=ORIENTED_EDGE('',*,*,#1092,.F.);
#1410=ORIENTED_EDGE('',*,*,#1103,.F.);
#1411=ORIENTED_EDGE('',*,*,#1104,.T.);
#1412=ORIENTED_EDGE('',*,*,#1103,.T.);
#1413=ORIENTED_EDGE('',*,*,#1091,.F.);
#1414=ORIENTED_EDGE('',*,*,#1105,.F.);
#1415=ORIENTED_EDGE('',*,*,#1106,.T.);
#1416=ORIENTED_EDGE('',*,*,#1105,.T.);
#1417=ORIENTED_EDGE('',*,*,#1090,.F.);
#1418=ORIENTED_EDGE('',*,*,#1107,.F.);
#1419=ORIENTED_EDGE('',*,*,#1108,.T.);
#1420=ORIENTED_EDGE('',*,*,#1107,.T.);
#1421=ORIENTED_EDGE('',*,*,#1089,.T.);
#1422=ORIENTED_EDGE('',*,*,#1102,.T.);
#1423=ORIENTED_EDGE('',*,*,#1109,.F.);
#1424=ORIENTED_EDGE('',*,*,#1110,.F.);
#1425=ORIENTED_EDGE('',*,*,#1111,.F.);
#1426=ORIENTED_EDGE('',*,*,#1112,.F.);
#1427=ORIENTED_EDGE('',*,*,#1113,.F.);
#1428=ORIENTED_EDGE('',*,*,#1114,.T.);
#1429=ORIENTED_EDGE('',*,*,#1115,.F.);
#1430=ORIENTED_EDGE('',*,*,#1116,.F.);
#1431=ORIENTED_EDGE('',*,*,#1117,.F.);
#1432=ORIENTED_EDGE('',*,*,#1118,.T.);
#1433=ORIENTED_EDGE('',*,*,#1100,.T.);
#1434=ORIENTED_EDGE('',*,*,#1119,.T.);
#1435=ORIENTED_EDGE('',*,*,#1120,.F.);
#1436=ORIENTED_EDGE('',*,*,#1121,.F.);
#1437=ORIENTED_EDGE('',*,*,#1082,.F.);
#1438=ORIENTED_EDGE('',*,*,#1122,.F.);
#1439=ORIENTED_EDGE('',*,*,#1123,.T.);
#1440=ORIENTED_EDGE('',*,*,#1122,.T.);
#1441=ORIENTED_EDGE('',*,*,#1081,.F.);
#1442=ORIENTED_EDGE('',*,*,#1124,.F.);
#1443=ORIENTED_EDGE('',*,*,#1125,.T.);
#1444=ORIENTED_EDGE('',*,*,#1124,.T.);
#1445=ORIENTED_EDGE('',*,*,#1080,.F.);
#1446=ORIENTED_EDGE('',*,*,#1126,.F.);
#1447=ORIENTED_EDGE('',*,*,#1127,.T.);
#1448=ORIENTED_EDGE('',*,*,#1126,.T.);
#1449=ORIENTED_EDGE('',*,*,#1083,.T.);
#1450=ORIENTED_EDGE('',*,*,#1121,.T.);
#1451=ORIENTED_EDGE('',*,*,#1128,.F.);
#1452=ORIENTED_EDGE('',*,*,#1129,.T.);
#1453=ORIENTED_EDGE('',*,*,#1073,.T.);
#1454=ORIENTED_EDGE('',*,*,#1130,.T.);
#1455=ORIENTED_EDGE('',*,*,#1131,.F.);
#1456=ORIENTED_EDGE('',*,*,#1132,.T.);
#1457=ORIENTED_EDGE('',*,*,#1133,.F.);
#1458=ORIENTED_EDGE('',*,*,#1134,.F.);
#1459=ORIENTED_EDGE('',*,*,#1135,.F.);
#1460=ORIENTED_EDGE('',*,*,#1136,.F.);
#1461=ORIENTED_EDGE('',*,*,#1101,.F.);
#1462=ORIENTED_EDGE('',*,*,#1118,.F.);
#1463=ORIENTED_EDGE('',*,*,#1137,.T.);
#1464=ORIENTED_EDGE('',*,*,#1119,.F.);
#1465=ORIENTED_EDGE('',*,*,#1099,.F.);
#1466=ORIENTED_EDGE('',*,*,#1138,.F.);
#1467=ORIENTED_EDGE('',*,*,#1139,.T.);
#1468=ORIENTED_EDGE('',*,*,#1138,.T.);
#1469=ORIENTED_EDGE('',*,*,#1098,.F.);
#1470=ORIENTED_EDGE('',*,*,#1136,.T.);
#1471=ORIENTED_EDGE('',*,*,#1140,.T.);
#1472=ORIENTED_EDGE('',*,*,#1141,.F.);
#1473=ORIENTED_EDGE('',*,*,#1074,.F.);
#1474=ORIENTED_EDGE('',*,*,#1129,.F.);
#1475=ORIENTED_EDGE('',*,*,#1142,.T.);
#1476=ORIENTED_EDGE('',*,*,#1130,.F.);
#1477=ORIENTED_EDGE('',*,*,#1072,.F.);
#1478=ORIENTED_EDGE('',*,*,#1143,.F.);
#1479=ORIENTED_EDGE('',*,*,#1144,.T.);
#1480=ORIENTED_EDGE('',*,*,#1143,.T.);
#1481=ORIENTED_EDGE('',*,*,#1071,.F.);
#1482=ORIENTED_EDGE('',*,*,#1141,.T.);
#1483=ORIENTED_EDGE('',*,*,#1145,.T.);
#1484=ORIENTED_EDGE('',*,*,#1146,.T.);
#1485=ORIENTED_EDGE('',*,*,#1147,.T.);
#1486=ORIENTED_EDGE('',*,*,#1148,.T.);
#1487=ORIENTED_EDGE('',*,*,#1149,.T.);
#1488=ORIENTED_EDGE('',*,*,#1147,.F.);
#1489=ORIENTED_EDGE('',*,*,#1150,.T.);
#1490=ORIENTED_EDGE('',*,*,#1151,.T.);
#1491=ORIENTED_EDGE('',*,*,#1152,.F.);
#1492=ORIENTED_EDGE('',*,*,#1153,.T.);
#1493=ORIENTED_EDGE('',*,*,#1154,.T.);
#1494=ORIENTED_EDGE('',*,*,#1155,.T.);
#1495=ORIENTED_EDGE('',*,*,#1156,.T.);
#1496=ORIENTED_EDGE('',*,*,#1154,.F.);
#1497=ORIENTED_EDGE('',*,*,#1157,.T.);
#1498=ORIENTED_EDGE('',*,*,#1158,.T.);
#1499=ORIENTED_EDGE('',*,*,#1159,.F.);
#1500=ORIENTED_EDGE('',*,*,#1160,.T.);
#1501=ORIENTED_EDGE('',*,*,#1161,.F.);
#1502=ORIENTED_EDGE('',*,*,#1162,.F.);
#1503=ORIENTED_EDGE('',*,*,#1155,.F.);
#1504=ORIENTED_EDGE('',*,*,#1159,.T.);
#1505=ORIENTED_EDGE('',*,*,#1163,.T.);
#1506=ORIENTED_EDGE('',*,*,#1164,.F.);
#1507=ORIENTED_EDGE('',*,*,#1165,.F.);
#1508=ORIENTED_EDGE('',*,*,#1161,.T.);
#1509=ORIENTED_EDGE('',*,*,#1166,.T.);
#1510=ORIENTED_EDGE('',*,*,#1157,.F.);
#1511=ORIENTED_EDGE('',*,*,#1153,.F.);
#1512=ORIENTED_EDGE('',*,*,#1167,.F.);
#1513=ORIENTED_EDGE('',*,*,#1164,.T.);
#1514=ORIENTED_EDGE('',*,*,#1166,.F.);
#1515=ORIENTED_EDGE('',*,*,#1163,.F.);
#1516=ORIENTED_EDGE('',*,*,#1160,.F.);
#1517=ORIENTED_EDGE('',*,*,#1158,.F.);
#1518=ORIENTED_EDGE('',*,*,#1168,.T.);
#1519=ORIENTED_EDGE('',*,*,#1150,.F.);
#1520=ORIENTED_EDGE('',*,*,#1146,.F.);
#1521=ORIENTED_EDGE('',*,*,#1169,.F.);
#1522=ORIENTED_EDGE('',*,*,#1170,.T.);
#1523=ORIENTED_EDGE('',*,*,#1171,.T.);
#1524=ORIENTED_EDGE('',*,*,#1172,.F.);
#1525=ORIENTED_EDGE('',*,*,#1173,.F.);
#1526=ORIENTED_EDGE('',*,*,#1148,.F.);
#1527=ORIENTED_EDGE('',*,*,#1152,.T.);
#1528=ORIENTED_EDGE('',*,*,#1174,.T.);
#1529=ORIENTED_EDGE('',*,*,#1170,.F.);
#1530=ORIENTED_EDGE('',*,*,#1175,.F.);
#1531=ORIENTED_EDGE('',*,*,#1172,.T.);
#1532=ORIENTED_EDGE('',*,*,#1171,.F.);
#1533=ORIENTED_EDGE('',*,*,#1151,.F.);
#1534=ORIENTED_EDGE('',*,*,#1168,.F.);
#1535=ORIENTED_EDGE('',*,*,#1174,.F.);
#1536=ORIENTED_EDGE('',*,*,#1054,.F.);
#1537=ORIENTED_EDGE('',*,*,#1025,.T.);
#1538=ORIENTED_EDGE('',*,*,#1062,.F.);
#1539=ORIENTED_EDGE('',*,*,#1031,.T.);
#1540=ORIENTED_EDGE('',*,*,#1046,.F.);
#1541=ORIENTED_EDGE('',*,*,#1022,.T.);
#1542=ORIENTED_EDGE('',*,*,#1038,.F.);
#1543=ORIENTED_EDGE('',*,*,#1028,.T.);
#1544=ORIENTED_EDGE('',*,*,#1040,.T.);
#1545=ORIENTED_EDGE('',*,*,#1176,.F.);
#1546=ORIENTED_EDGE('',*,*,#1177,.F.);
#1547=ORIENTED_EDGE('',*,*,#1178,.T.);
#1548=ORIENTED_EDGE('',*,*,#1041,.T.);
#1549=ORIENTED_EDGE('',*,*,#1178,.F.);
#1550=ORIENTED_EDGE('',*,*,#1179,.F.);
#1551=ORIENTED_EDGE('',*,*,#1180,.T.);
#1552=ORIENTED_EDGE('',*,*,#1048,.T.);
#1553=ORIENTED_EDGE('',*,*,#1181,.T.);
#1554=ORIENTED_EDGE('',*,*,#1182,.F.);
#1555=ORIENTED_EDGE('',*,*,#1183,.F.);
#1556=ORIENTED_EDGE('',*,*,#1184,.T.);
#1557=ORIENTED_EDGE('',*,*,#1185,.T.);
#1558=ORIENTED_EDGE('',*,*,#1186,.F.);
#1559=ORIENTED_EDGE('',*,*,#1187,.F.);
#1560=ORIENTED_EDGE('',*,*,#1065,.T.);
#1561=ORIENTED_EDGE('',*,*,#1188,.F.);
#1562=ORIENTED_EDGE('',*,*,#1189,.F.);
#1563=ORIENTED_EDGE('',*,*,#1190,.T.);
#1564=ORIENTED_EDGE('',*,*,#1177,.T.);
#1565=ORIENTED_EDGE('',*,*,#1191,.T.);
#1566=ORIENTED_EDGE('',*,*,#1189,.T.);
#1567=ORIENTED_EDGE('',*,*,#1192,.T.);
#1568=ORIENTED_EDGE('',*,*,#1193,.T.);
#1569=ORIENTED_EDGE('',*,*,#1194,.T.);
#1570=ORIENTED_EDGE('',*,*,#1195,.T.);
#1571=ORIENTED_EDGE('',*,*,#1179,.T.);
#1572=ORIENTED_EDGE('',*,*,#1173,.T.);
#1573=ORIENTED_EDGE('',*,*,#1175,.T.);
#1574=ORIENTED_EDGE('',*,*,#1169,.T.);
#1575=ORIENTED_EDGE('',*,*,#1149,.F.);
#1576=ORIENTED_EDGE('',*,*,#1162,.T.);
#1577=ORIENTED_EDGE('',*,*,#1165,.T.);
#1578=ORIENTED_EDGE('',*,*,#1167,.T.);
#1579=ORIENTED_EDGE('',*,*,#1156,.F.);
#1580=ORIENTED_EDGE('',*,*,#1196,.T.);
#1581=ORIENTED_EDGE('',*,*,#1197,.T.);
#1582=ORIENTED_EDGE('',*,*,#1198,.T.);
#1583=ORIENTED_EDGE('',*,*,#1199,.T.);
#1584=ORIENTED_EDGE('',*,*,#1200,.T.);
#1585=ORIENTED_EDGE('',*,*,#1201,.T.);
#1586=ORIENTED_EDGE('',*,*,#1202,.T.);
#1587=ORIENTED_EDGE('',*,*,#1203,.T.);
#1588=ORIENTED_EDGE('',*,*,#1204,.T.);
#1589=ORIENTED_EDGE('',*,*,#1205,.T.);
#1590=ORIENTED_EDGE('',*,*,#1206,.T.);
#1591=ORIENTED_EDGE('',*,*,#1207,.T.);
#1592=ORIENTED_EDGE('',*,*,#1208,.T.);
#1593=ORIENTED_EDGE('',*,*,#1209,.T.);
#1594=ORIENTED_EDGE('',*,*,#1210,.T.);
#1595=ORIENTED_EDGE('',*,*,#1049,.T.);
#1596=ORIENTED_EDGE('',*,*,#1180,.F.);
#1597=ORIENTED_EDGE('',*,*,#1195,.F.);
#1598=ORIENTED_EDGE('',*,*,#1211,.T.);
#1599=ORIENTED_EDGE('',*,*,#1057,.T.);
#1600=ORIENTED_EDGE('',*,*,#1212,.F.);
#1601=ORIENTED_EDGE('',*,*,#1193,.F.);
#1602=ORIENTED_EDGE('',*,*,#1213,.T.);
#1603=ORIENTED_EDGE('',*,*,#1113,.T.);
#1604=ORIENTED_EDGE('',*,*,#1214,.F.);
#1605=ORIENTED_EDGE('',*,*,#1215,.T.);
#1606=ORIENTED_EDGE('',*,*,#1216,.F.);
#1607=ORIENTED_EDGE('',*,*,#1214,.T.);
#1608=ORIENTED_EDGE('',*,*,#1112,.T.);
#1609=ORIENTED_EDGE('',*,*,#1217,.F.);
#1610=ORIENTED_EDGE('',*,*,#1218,.F.);
#1611=ORIENTED_EDGE('',*,*,#1216,.T.);
#1612=ORIENTED_EDGE('',*,*,#1219,.T.);
#1613=ORIENTED_EDGE('',*,*,#1220,.F.);
#1614=ORIENTED_EDGE('',*,*,#1114,.F.);
#1615=ORIENTED_EDGE('',*,*,#1221,.F.);
#1616=ORIENTED_EDGE('',*,*,#1184,.F.);
#1617=ORIENTED_EDGE('',*,*,#1222,.F.);
#1618=ORIENTED_EDGE('',*,*,#1223,.F.);
#1619=ORIENTED_EDGE('',*,*,#1221,.T.);
#1620=ORIENTED_EDGE('',*,*,#1224,.T.);
#1621=ORIENTED_EDGE('',*,*,#1225,.F.);
#1622=ORIENTED_EDGE('',*,*,#1185,.F.);
#1623=ORIENTED_EDGE('',*,*,#1222,.T.);
#1624=ORIENTED_EDGE('',*,*,#1183,.T.);
#1625=ORIENTED_EDGE('',*,*,#1226,.F.);
#1626=ORIENTED_EDGE('',*,*,#1227,.F.);
#1627=ORIENTED_EDGE('',*,*,#1228,.T.);
#1628=ORIENTED_EDGE('',*,*,#1229,.T.);
#1629=ORIENTED_EDGE('',*,*,#1230,.T.);
#1630=ORIENTED_EDGE('',*,*,#1231,.F.);
#1631=ORIENTED_EDGE('',*,*,#1232,.F.);
#1632=ORIENTED_EDGE('',*,*,#1200,.F.);
#1633=ORIENTED_EDGE('',*,*,#1233,.T.);
#1634=ORIENTED_EDGE('',*,*,#1234,.T.);
#1635=ORIENTED_EDGE('',*,*,#1229,.F.);
#1636=ORIENTED_EDGE('',*,*,#1235,.T.);
#1637=ORIENTED_EDGE('',*,*,#1236,.T.);
#1638=ORIENTED_EDGE('',*,*,#1237,.F.);
#1639=ORIENTED_EDGE('',*,*,#1196,.F.);
#1640=ORIENTED_EDGE('',*,*,#1238,.F.);
#1641=ORIENTED_EDGE('',*,*,#1231,.T.);
#1642=ORIENTED_EDGE('',*,*,#1239,.T.);
#1643=ORIENTED_EDGE('',*,*,#1240,.F.);
#1644=ORIENTED_EDGE('',*,*,#1197,.F.);
#1645=ORIENTED_EDGE('',*,*,#1237,.T.);
#1646=ORIENTED_EDGE('',*,*,#1241,.T.);
#1647=ORIENTED_EDGE('',*,*,#1242,.F.);
#1648=ORIENTED_EDGE('',*,*,#1198,.F.);
#1649=ORIENTED_EDGE('',*,*,#1240,.T.);
#1650=ORIENTED_EDGE('',*,*,#1243,.T.);
#1651=ORIENTED_EDGE('',*,*,#1233,.F.);
#1652=ORIENTED_EDGE('',*,*,#1199,.F.);
#1653=ORIENTED_EDGE('',*,*,#1242,.T.);
#1654=ORIENTED_EDGE('',*,*,#1239,.F.);
#1655=ORIENTED_EDGE('',*,*,#1236,.F.);
#1656=ORIENTED_EDGE('',*,*,#1230,.F.);
#1657=ORIENTED_EDGE('',*,*,#1234,.F.);
#1658=ORIENTED_EDGE('',*,*,#1243,.F.);
#1659=ORIENTED_EDGE('',*,*,#1241,.F.);
#1660=ORIENTED_EDGE('',*,*,#1244,.T.);
#1661=ORIENTED_EDGE('',*,*,#1245,.F.);
#1662=ORIENTED_EDGE('',*,*,#1205,.F.);
#1663=ORIENTED_EDGE('',*,*,#1246,.T.);
#1664=ORIENTED_EDGE('',*,*,#1247,.T.);
#1665=ORIENTED_EDGE('',*,*,#1248,.F.);
#1666=ORIENTED_EDGE('',*,*,#1249,.F.);
#1667=ORIENTED_EDGE('',*,*,#1206,.F.);
#1668=ORIENTED_EDGE('',*,*,#1245,.T.);
#1669=ORIENTED_EDGE('',*,*,#1250,.T.);
#1670=ORIENTED_EDGE('',*,*,#1248,.T.);
#1671=ORIENTED_EDGE('',*,*,#1251,.T.);
#1672=ORIENTED_EDGE('',*,*,#1252,.F.);
#1673=ORIENTED_EDGE('',*,*,#1253,.T.);
#1674=ORIENTED_EDGE('',*,*,#1252,.T.);
#1675=ORIENTED_EDGE('',*,*,#1254,.T.);
#1676=ORIENTED_EDGE('',*,*,#1255,.F.);
#1677=ORIENTED_EDGE('',*,*,#1202,.F.);
#1678=ORIENTED_EDGE('',*,*,#1256,.T.);
#1679=ORIENTED_EDGE('',*,*,#1257,.T.);
#1680=ORIENTED_EDGE('',*,*,#1258,.F.);
#1681=ORIENTED_EDGE('',*,*,#1203,.F.);
#1682=ORIENTED_EDGE('',*,*,#1255,.T.);
#1683=ORIENTED_EDGE('',*,*,#1259,.T.);
#1684=ORIENTED_EDGE('',*,*,#1246,.F.);
#1685=ORIENTED_EDGE('',*,*,#1204,.F.);
#1686=ORIENTED_EDGE('',*,*,#1258,.T.);
#1687=ORIENTED_EDGE('',*,*,#1254,.F.);
#1688=ORIENTED_EDGE('',*,*,#1251,.F.);
#1689=ORIENTED_EDGE('',*,*,#1247,.F.);
#1690=ORIENTED_EDGE('',*,*,#1244,.F.);
#1691=ORIENTED_EDGE('',*,*,#1259,.F.);
#1692=ORIENTED_EDGE('',*,*,#1257,.F.);
#1693=ORIENTED_EDGE('',*,*,#1260,.T.);
#1694=ORIENTED_EDGE('',*,*,#1256,.F.);
#1695=ORIENTED_EDGE('',*,*,#1201,.F.);
#1696=ORIENTED_EDGE('',*,*,#1232,.T.);
#1697=ORIENTED_EDGE('',*,*,#1238,.T.);
#1698=ORIENTED_EDGE('',*,*,#1207,.F.);
#1699=ORIENTED_EDGE('',*,*,#1249,.T.);
#1700=ORIENTED_EDGE('',*,*,#1261,.T.);
#1701=ORIENTED_EDGE('',*,*,#1250,.F.);
#1702=ORIENTED_EDGE('',*,*,#1253,.F.);
#1703=ORIENTED_EDGE('',*,*,#1260,.F.);
#1704=ORIENTED_EDGE('',*,*,#1235,.F.);
#1705=ORIENTED_EDGE('',*,*,#1228,.F.);
#1706=ORIENTED_EDGE('',*,*,#1261,.F.);
#1707=ORIENTED_EDGE('',*,*,#1262,.F.);
#1708=ORIENTED_EDGE('',*,*,#1263,.T.);
#1709=ORIENTED_EDGE('',*,*,#1264,.F.);
#1710=ORIENTED_EDGE('',*,*,#1263,.F.);
#1711=ORIENTED_EDGE('',*,*,#1265,.F.);
#1712=ORIENTED_EDGE('',*,*,#1266,.T.);
#1713=ORIENTED_EDGE('',*,*,#1210,.F.);
#1714=ORIENTED_EDGE('',*,*,#1266,.F.);
#1715=ORIENTED_EDGE('',*,*,#1265,.T.);
#1716=ORIENTED_EDGE('',*,*,#1262,.T.);
#1717=ORIENTED_EDGE('',*,*,#1267,.F.);
#1718=ORIENTED_EDGE('',*,*,#1268,.T.);
#1719=ORIENTED_EDGE('',*,*,#1269,.F.);
#1720=ORIENTED_EDGE('',*,*,#1268,.F.);
#1721=ORIENTED_EDGE('',*,*,#1270,.F.);
#1722=ORIENTED_EDGE('',*,*,#1271,.T.);
#1723=ORIENTED_EDGE('',*,*,#1208,.F.);
#1724=ORIENTED_EDGE('',*,*,#1271,.F.);
#1725=ORIENTED_EDGE('',*,*,#1270,.T.);
#1726=ORIENTED_EDGE('',*,*,#1267,.T.);
#1727=ORIENTED_EDGE('',*,*,#1264,.T.);
#1728=ORIENTED_EDGE('',*,*,#1272,.F.);
#1729=ORIENTED_EDGE('',*,*,#1273,.T.);
#1730=ORIENTED_EDGE('',*,*,#1274,.F.);
#1731=ORIENTED_EDGE('',*,*,#1273,.F.);
#1732=ORIENTED_EDGE('',*,*,#1275,.F.);
#1733=ORIENTED_EDGE('',*,*,#1276,.T.);
#1734=ORIENTED_EDGE('',*,*,#1209,.F.);
#1735=ORIENTED_EDGE('',*,*,#1276,.F.);
#1736=ORIENTED_EDGE('',*,*,#1275,.T.);
#1737=ORIENTED_EDGE('',*,*,#1272,.T.);
#1738=ORIENTED_EDGE('',*,*,#1269,.T.);
#1739=ORIENTED_EDGE('',*,*,#1039,.T.);
#1740=ORIENTED_EDGE('',*,*,#1187,.T.);
#1741=ORIENTED_EDGE('',*,*,#1277,.F.);
#1742=ORIENTED_EDGE('',*,*,#1278,.F.);
#1743=ORIENTED_EDGE('',*,*,#1063,.T.);
#1744=ORIENTED_EDGE('',*,*,#1190,.F.);
#1745=ORIENTED_EDGE('',*,*,#1191,.F.);
#1746=ORIENTED_EDGE('',*,*,#1176,.T.);
#1747=ORIENTED_EDGE('',*,*,#1064,.T.);
#1748=ORIENTED_EDGE('',*,*,#1278,.T.);
#1749=ORIENTED_EDGE('',*,*,#1279,.F.);
#1750=ORIENTED_EDGE('',*,*,#1280,.F.);
#1751=ORIENTED_EDGE('',*,*,#1055,.T.);
#1752=ORIENTED_EDGE('',*,*,#1213,.F.);
#1753=ORIENTED_EDGE('',*,*,#1192,.F.);
#1754=ORIENTED_EDGE('',*,*,#1188,.T.);
#1755=ORIENTED_EDGE('',*,*,#1133,.T.);
#1756=ORIENTED_EDGE('',*,*,#1281,.T.);
#1757=ORIENTED_EDGE('',*,*,#1115,.T.);
#1758=ORIENTED_EDGE('',*,*,#1220,.T.);
#1759=ORIENTED_EDGE('',*,*,#1282,.T.);
#1760=ORIENTED_EDGE('',*,*,#1279,.T.);
#1761=ORIENTED_EDGE('',*,*,#1277,.T.);
#1762=ORIENTED_EDGE('',*,*,#1186,.T.);
#1763=ORIENTED_EDGE('',*,*,#1225,.T.);
#1764=ORIENTED_EDGE('',*,*,#1283,.T.);
#1765=ORIENTED_EDGE('',*,*,#1211,.F.);
#1766=ORIENTED_EDGE('',*,*,#1194,.F.);
#1767=ORIENTED_EDGE('',*,*,#1212,.T.);
#1768=ORIENTED_EDGE('',*,*,#1056,.T.);
#1769=ORIENTED_EDGE('',*,*,#1280,.T.);
#1770=ORIENTED_EDGE('',*,*,#1282,.F.);
#1771=ORIENTED_EDGE('',*,*,#1219,.F.);
#1772=ORIENTED_EDGE('',*,*,#1215,.F.);
#1773=ORIENTED_EDGE('',*,*,#1218,.T.);
#1774=ORIENTED_EDGE('',*,*,#1284,.F.);
#1775=ORIENTED_EDGE('',*,*,#1181,.F.);
#1776=ORIENTED_EDGE('',*,*,#1047,.T.);
#1777=ORIENTED_EDGE('',*,*,#1284,.T.);
#1778=ORIENTED_EDGE('',*,*,#1217,.T.);
#1779=ORIENTED_EDGE('',*,*,#1111,.T.);
#1780=ORIENTED_EDGE('',*,*,#1285,.T.);
#1781=ORIENTED_EDGE('',*,*,#1226,.T.);
#1782=ORIENTED_EDGE('',*,*,#1182,.T.);
#1783=ORIENTED_EDGE('',*,*,#1274,.T.);
#1784=ORIENTED_EDGE('',*,*,#1132,.F.);
#1785=ORIENTED_EDGE('',*,*,#1286,.F.);
#1786=ORIENTED_EDGE('',*,*,#1116,.T.);
#1787=ORIENTED_EDGE('',*,*,#1281,.F.);
#1788=ORIENTED_EDGE('',*,*,#1227,.T.);
#1789=ORIENTED_EDGE('',*,*,#1285,.F.);
#1790=ORIENTED_EDGE('',*,*,#1110,.T.);
#1791=ORIENTED_EDGE('',*,*,#1287,.F.);
#1792=ORIENTED_EDGE('',*,*,#1134,.T.);
#1793=ORIENTED_EDGE('',*,*,#1283,.F.);
#1794=ORIENTED_EDGE('',*,*,#1224,.F.);
#1795=ORIENTED_EDGE('',*,*,#1223,.T.);
#1796=ORIENTED_EDGE('',*,*,#1287,.T.);
#1797=ORIENTED_EDGE('',*,*,#1109,.T.);
#1798=ORIENTED_EDGE('',*,*,#1104,.F.);
#1799=ORIENTED_EDGE('',*,*,#1106,.F.);
#1800=ORIENTED_EDGE('',*,*,#1108,.F.);
#1801=ORIENTED_EDGE('',*,*,#1120,.T.);
#1802=ORIENTED_EDGE('',*,*,#1139,.F.);
#1803=ORIENTED_EDGE('',*,*,#1140,.F.);
#1804=ORIENTED_EDGE('',*,*,#1137,.F.);
#1805=ORIENTED_EDGE('',*,*,#1117,.T.);
#1806=ORIENTED_EDGE('',*,*,#1286,.T.);
#1807=ORIENTED_EDGE('',*,*,#1131,.T.);
#1808=ORIENTED_EDGE('',*,*,#1144,.F.);
#1809=ORIENTED_EDGE('',*,*,#1145,.F.);
#1810=ORIENTED_EDGE('',*,*,#1142,.F.);
#1811=ORIENTED_EDGE('',*,*,#1128,.T.);
#1812=ORIENTED_EDGE('',*,*,#1123,.F.);
#1813=ORIENTED_EDGE('',*,*,#1125,.F.);
#1814=ORIENTED_EDGE('',*,*,#1127,.F.);
#1815=ORIENTED_EDGE('',*,*,#1135,.T.);
#1816=ORIENTED_EDGE('',*,*,#1088,.F.);
#1817=ORIENTED_EDGE('',*,*,#1079,.F.);
#1818=ORIENTED_EDGE('',*,*,#1097,.F.);
#1819=ORIENTED_EDGE('',*,*,#1070,.F.);
#1820=CYLINDRICAL_SURFACE('',#1972,1.75);
#1821=CYLINDRICAL_SURFACE('',#1976,1.75);
#1822=CYLINDRICAL_SURFACE('',#1980,1.75);
#1823=CYLINDRICAL_SURFACE('',#1984,1.75);
#1824=CYLINDRICAL_SURFACE('',#1991,2.5);
#1825=CYLINDRICAL_SURFACE('',#1998,2.5);
#1826=CYLINDRICAL_SURFACE('',#2005,2.5);
#1827=CYLINDRICAL_SURFACE('',#2012,2.5);
#1828=CYLINDRICAL_SURFACE('',#2019,2.5);
#1829=CYLINDRICAL_SURFACE('',#2026,2.5);
#1830=CYLINDRICAL_SURFACE('',#2033,2.5);
#1831=CYLINDRICAL_SURFACE('',#2040,2.5);
#1832=CYLINDRICAL_SURFACE('',#2045,7.5);
#1833=CYLINDRICAL_SURFACE('',#2050,7.5);
#1834=CYLINDRICAL_SURFACE('',#2056,7.5);
#1835=CYLINDRICAL_SURFACE('',#2060,7.5);
#1836=CYLINDRICAL_SURFACE('',#2078,5.);
#1837=CYLINDRICAL_SURFACE('',#2081,5.);
#1838=CYLINDRICAL_SURFACE('',#2089,5.);
#1839=CYLINDRICAL_SURFACE('',#2090,5.);
#1840=CYLINDRICAL_SURFACE('',#2114,0.875000000000004);
#1841=CYLINDRICAL_SURFACE('',#2117,2.5);
#1842=CYLINDRICAL_SURFACE('',#2120,0.874999999999999);
#1843=CYLINDRICAL_SURFACE('',#2123,2.5);
#1844=CYLINDRICAL_SURFACE('',#2127,0.874999999999999);
#1845=CYLINDRICAL_SURFACE('',#2130,2.5);
#1846=ADVANCED_FACE('',(#129),#1820,.F.);
#1847=ADVANCED_FACE('',(#130),#52,.T.);
#1848=ADVANCED_FACE('',(#131),#1821,.F.);
#1849=ADVANCED_FACE('',(#132),#53,.T.);
#1850=ADVANCED_FACE('',(#133),#1822,.F.);
#1851=ADVANCED_FACE('',(#134),#54,.T.);
#1852=ADVANCED_FACE('',(#135),#1823,.F.);
#1853=ADVANCED_FACE('',(#136),#55,.T.);
#1854=ADVANCED_FACE('',(#137),#44,.F.);
#1855=ADVANCED_FACE('',(#138),#1824,.F.);
#1856=ADVANCED_FACE('',(#139,#19),#56,.T.);
#1857=ADVANCED_FACE('',(#140),#45,.F.);
#1858=ADVANCED_FACE('',(#141),#1825,.F.);
#1859=ADVANCED_FACE('',(#142,#20),#57,.T.);
#1860=ADVANCED_FACE('',(#143),#46,.F.);
#1861=ADVANCED_FACE('',(#144),#1826,.F.);
#1862=ADVANCED_FACE('',(#145,#21),#58,.T.);
#1863=ADVANCED_FACE('',(#146),#47,.F.);
#1864=ADVANCED_FACE('',(#147),#1827,.F.);
#1865=ADVANCED_FACE('',(#148,#22),#59,.T.);
#1866=ADVANCED_FACE('',(#149),#48,.F.);
#1867=ADVANCED_FACE('',(#150),#1828,.F.);
#1868=ADVANCED_FACE('',(#151,#23),#60,.T.);
#1869=ADVANCED_FACE('',(#152),#49,.F.);
#1870=ADVANCED_FACE('',(#153),#1829,.F.);
#1871=ADVANCED_FACE('',(#154,#24),#61,.T.);
#1872=ADVANCED_FACE('',(#155),#50,.F.);
#1873=ADVANCED_FACE('',(#156),#1830,.F.);
#1874=ADVANCED_FACE('',(#157,#25),#62,.T.);
#1875=ADVANCED_FACE('',(#158),#51,.F.);
#1876=ADVANCED_FACE('',(#159),#1831,.F.);
#1877=ADVANCED_FACE('',(#160,#26),#63,.T.);
#1878=ADVANCED_FACE('',(#161),#64,.T.);
#1879=ADVANCED_FACE('',(#162),#1832,.T.);
#1880=ADVANCED_FACE('',(#163),#65,.T.);
#1881=ADVANCED_FACE('',(#164),#66,.T.);
#1882=ADVANCED_FACE('',(#165),#67,.T.);
#1883=ADVANCED_FACE('',(#166),#1833,.T.);
#1884=ADVANCED_FACE('',(#167),#68,.T.);
#1885=ADVANCED_FACE('',(#168),#69,.T.);
#1886=ADVANCED_FACE('',(#169),#70,.T.);
#1887=ADVANCED_FACE('',(#170),#71,.T.);
#1888=ADVANCED_FACE('',(#171),#1834,.T.);
#1889=ADVANCED_FACE('',(#172),#72,.T.);
#1890=ADVANCED_FACE('',(#173),#73,.T.);
#1891=ADVANCED_FACE('',(#174),#1835,.T.);
#1892=ADVANCED_FACE('',(#175),#74,.T.);
#1893=ADVANCED_FACE('',(#176),#75,.T.);
#1894=ADVANCED_FACE('',(#177),#76,.T.);
#1895=ADVANCED_FACE('',(#178),#77,.T.);
#1896=ADVANCED_FACE('',(#179),#78,.T.);
#1897=ADVANCED_FACE('',(#180),#79,.T.);
#1898=ADVANCED_FACE('',(#181),#80,.T.);
#1899=ADVANCED_FACE('',(#182),#81,.T.);
#1900=ADVANCED_FACE('',(#183),#82,.T.);
#1901=ADVANCED_FACE('',(#184),#83,.T.);
#1902=ADVANCED_FACE('',(#185),#84,.T.);
#1903=ADVANCED_FACE('',(#186),#85,.T.);
#1904=ADVANCED_FACE('',(#187,#27),#86,.T.);
#1905=ADVANCED_FACE('',(#188,#28),#87,.T.);
#1906=ADVANCED_FACE('',(#189,#29),#88,.T.);
#1907=ADVANCED_FACE('',(#190,#30),#89,.T.);
#1908=ADVANCED_FACE('',(#191),#1836,.T.);
#1909=ADVANCED_FACE('',(#192),#90,.T.);
#1910=ADVANCED_FACE('',(#193),#1837,.T.);
#1911=ADVANCED_FACE('',(#194,#31,#32,#33,#34,#35,#36),#91,.T.);
#1912=ADVANCED_FACE('',(#195),#1838,.T.);
#1913=ADVANCED_FACE('',(#196),#1839,.T.);
#1914=ADVANCED_FACE('',(#197),#92,.T.);
#1915=ADVANCED_FACE('',(#198),#93,.T.);
#1916=ADVANCED_FACE('',(#199),#94,.T.);
#1917=ADVANCED_FACE('',(#200),#95,.T.);
#1918=ADVANCED_FACE('',(#201),#96,.T.);
#1919=ADVANCED_FACE('',(#202),#97,.T.);
#1920=ADVANCED_FACE('',(#203),#98,.T.);
#1921=ADVANCED_FACE('',(#204),#99,.T.);
#1922=ADVANCED_FACE('',(#205),#100,.T.);
#1923=ADVANCED_FACE('',(#206),#101,.T.);
#1924=ADVANCED_FACE('',(#207),#102,.T.);
#1925=ADVANCED_FACE('',(#208),#103,.T.);
#1926=ADVANCED_FACE('',(#209),#104,.T.);
#1927=ADVANCED_FACE('',(#210),#105,.T.);
#1928=ADVANCED_FACE('',(#211),#106,.T.);
#1929=ADVANCED_FACE('',(#212),#107,.T.);
#1930=ADVANCED_FACE('',(#213),#108,.T.);
#1931=ADVANCED_FACE('',(#214),#109,.T.);
#1932=ADVANCED_FACE('',(#215),#110,.T.);
#1933=ADVANCED_FACE('',(#216),#111,.T.);
#1934=ADVANCED_FACE('',(#217),#112,.T.);
#1935=ADVANCED_FACE('',(#218),#113,.T.);
#1936=ADVANCED_FACE('',(#219),#114,.T.);
#1937=ADVANCED_FACE('',(#220),#1840,.F.);
#1938=ADVANCED_FACE('',(#221),#1841,.T.);
#1939=ADVANCED_FACE('',(#222,#37),#115,.T.);
#1940=ADVANCED_FACE('',(#223),#1842,.F.);
#1941=ADVANCED_FACE('',(#224),#1843,.T.);
#1942=ADVANCED_FACE('',(#225,#38),#116,.T.);
#1943=ADVANCED_FACE('',(#226),#117,.T.);
#1944=ADVANCED_FACE('',(#227),#1844,.F.);
#1945=ADVANCED_FACE('',(#228),#1845,.T.);
#1946=ADVANCED_FACE('',(#229,#39),#118,.T.);
#1947=ADVANCED_FACE('',(#230),#119,.T.);
#1948=ADVANCED_FACE('',(#231),#120,.T.);
#1949=ADVANCED_FACE('',(#232),#121,.T.);
#1950=ADVANCED_FACE('',(#233),#122,.T.);
#1951=ADVANCED_FACE('',(#234),#123,.T.);
#1952=ADVANCED_FACE('',(#235),#124,.T.);
#1953=ADVANCED_FACE('',(#236),#125,.T.);
#1954=ADVANCED_FACE('',(#237),#126,.T.);
#1955=ADVANCED_FACE('',(#238),#127,.T.);
#1956=ADVANCED_FACE('',(#239,#40,#41,#42,#43),#128,.T.);
#1957=CLOSED_SHELL('',(#1846,#1847,#1848,#1849,#1850,#1851,#1852,#1853,
#1854,#1855,#1856,#1857,#1858,#1859,#1860,#1861,#1862,#1863,#1864,#1865,
#1866,#1867,#1868,#1869,#1870,#1871,#1872,#1873,#1874,#1875,#1876,#1877,
#1878,#1879,#1880,#1881,#1882,#1883,#1884,#1885,#1886,#1887,#1888,#1889,
#1890,#1891,#1892,#1893,#1894,#1895,#1896,#1897,#1898,#1899,#1900,#1901,
#1902,#1903,#1904,#1905,#1906,#1907,#1908,#1909,#1910,#1911,#1912,#1913,
#1914,#1915,#1916,#1917,#1918,#1919,#1920,#1921,#1922,#1923,#1924,#1925,
#1926,#1927,#1928,#1929,#1930,#1931,#1932,#1933,#1934,#1935,#1936,#1937,
#1938,#1939,#1940,#1941,#1942,#1943,#1944,#1945,#1946,#1947,#1948,#1949,
#1950,#1951,#1952,#1953,#1954,#1955,#1956));
#1958=DERIVED_UNIT_ELEMENT(#1960,1.);
#1959=DERIVED_UNIT_ELEMENT(#3259,-3.);
#1960=(
MASS_UNIT()
NAMED_UNIT(*)
SI_UNIT(.KILO.,.GRAM.)
);
#1961=DERIVED_UNIT((#1958,#1959));
#1962=MEASURE_REPRESENTATION_ITEM('density measure',
POSITIVE_RATIO_MEASURE(7850.),#1961);
#1963=PROPERTY_DEFINITION_REPRESENTATION(#1968,#1965);
#1964=PROPERTY_DEFINITION_REPRESENTATION(#1969,#1966);
#1965=REPRESENTATION('material name',(#1967),#3256);
#1966=REPRESENTATION('density',(#1962),#3256);
#1967=DESCRIPTIVE_REPRESENTATION_ITEM('Steel','Steel');
#1968=PROPERTY_DEFINITION('material property','material name',#3271);
#1969=PROPERTY_DEFINITION('material property','density of part',#3271);
#1970=AXIS2_PLACEMENT_3D('',#2698,#2144,#2145);
#1971=AXIS2_PLACEMENT_3D('',#2699,#2146,#2147);
#1972=AXIS2_PLACEMENT_3D('',#2700,#2148,#2149);
#1973=AXIS2_PLACEMENT_3D('',#2702,#2150,#2151);
#1974=AXIS2_PLACEMENT_3D('',#2705,#2153,#2154);
#1975=AXIS2_PLACEMENT_3D('',#2706,#2155,#2156);
#1976=AXIS2_PLACEMENT_3D('',#2707,#2157,#2158);
#1977=AXIS2_PLACEMENT_3D('',#2709,#2159,#2160);
#1978=AXIS2_PLACEMENT_3D('',#2712,#2162,#2163);
#1979=AXIS2_PLACEMENT_3D('',#2713,#2164,#2165);
#1980=AXIS2_PLACEMENT_3D('',#2714,#2166,#2167);
#1981=AXIS2_PLACEMENT_3D('',#2716,#2168,#2169);
#1982=AXIS2_PLACEMENT_3D('',#2719,#2171,#2172);
#1983=AXIS2_PLACEMENT_3D('',#2720,#2173,#2174);
#1984=AXIS2_PLACEMENT_3D('',#2721,#2175,#2176);
#1985=AXIS2_PLACEMENT_3D('',#2723,#2177,#2178);
#1986=AXIS2_PLACEMENT_3D('',#2726,#2180,#2181);
#1987=AXIS2_PLACEMENT_3D('',#2727,#2182,#2183);
#1988=AXIS2_PLACEMENT_3D('',#2728,#2184,#2185);
#1989=AXIS2_PLACEMENT_3D('',#2730,#2186,#2187);
#1990=AXIS2_PLACEMENT_3D('',#2733,#2189,#2190);
#1991=AXIS2_PLACEMENT_3D('',#2734,#2191,#2192);
#1992=AXIS2_PLACEMENT_3D('',#2737,#2194,#2195);
#1993=AXIS2_PLACEMENT_3D('',#2738,#2196,#2197);
#1994=AXIS2_PLACEMENT_3D('',#2743,#2199,#2200);
#1995=AXIS2_PLACEMENT_3D('',#2745,#2202,#2203);
#1996=AXIS2_PLACEMENT_3D('',#2747,#2204,#2205);
#1997=AXIS2_PLACEMENT_3D('',#2750,#2207,#2208);
#1998=AXIS2_PLACEMENT_3D('',#2751,#2209,#2210);
#1999=AXIS2_PLACEMENT_3D('',#2754,#2212,#2213);
#2000=AXIS2_PLACEMENT_3D('',#2755,#2214,#2215);
#2001=AXIS2_PLACEMENT_3D('',#2761,#2218,#2219);
#2002=AXIS2_PLACEMENT_3D('',#2762,#2220,#2221);
#2003=AXIS2_PLACEMENT_3D('',#2764,#2222,#2223);
#2004=AXIS2_PLACEMENT_3D('',#2767,#2225,#2226);
#2005=AXIS2_PLACEMENT_3D('',#2768,#2227,#2228);
#2006=AXIS2_PLACEMENT_3D('',#2771,#2230,#2231);
#2007=AXIS2_PLACEMENT_3D('',#2772,#2232,#2233);
#2008=AXIS2_PLACEMENT_3D('',#2778,#2236,#2237);
#2009=AXIS2_PLACEMENT_3D('',#2779,#2238,#2239);
#2010=AXIS2_PLACEMENT_3D('',#2781,#2240,#2241);
#2011=AXIS2_PLACEMENT_3D('',#2784,#2243,#2244);
#2012=AXIS2_PLACEMENT_3D('',#2785,#2245,#2246);
#2013=AXIS2_PLACEMENT_3D('',#2788,#2248,#2249);
#2014=AXIS2_PLACEMENT_3D('',#2789,#2250,#2251);
#2015=AXIS2_PLACEMENT_3D('',#2795,#2254,#2255);
#2016=AXIS2_PLACEMENT_3D('',#2796,#2256,#2257);
#2017=AXIS2_PLACEMENT_3D('',#2798,#2258,#2259);
#2018=AXIS2_PLACEMENT_3D('',#2801,#2261,#2262);
#2019=AXIS2_PLACEMENT_3D('',#2802,#2263,#2264);
#2020=AXIS2_PLACEMENT_3D('',#2805,#2266,#2267);
#2021=AXIS2_PLACEMENT_3D('',#2806,#2268,#2269);
#2022=AXIS2_PLACEMENT_3D('',#2809,#2270,#2271);
#2023=AXIS2_PLACEMENT_3D('',#2815,#2275,#2276);
#2024=AXIS2_PLACEMENT_3D('',#2817,#2277,#2278);
#2025=AXIS2_PLACEMENT_3D('',#2820,#2280,#2281);
#2026=AXIS2_PLACEMENT_3D('',#2821,#2282,#2283);
#2027=AXIS2_PLACEMENT_3D('',#2824,#2285,#2286);
#2028=AXIS2_PLACEMENT_3D('',#2825,#2287,#2288);
#2029=AXIS2_PLACEMENT_3D('',#2830,#2290,#2291);
#2030=AXIS2_PLACEMENT_3D('',#2834,#2294,#2295);
#2031=AXIS2_PLACEMENT_3D('',#2836,#2296,#2297);
#2032=AXIS2_PLACEMENT_3D('',#2839,#2299,#2300);
#2033=AXIS2_PLACEMENT_3D('',#2840,#2301,#2302);
#2034=AXIS2_PLACEMENT_3D('',#2843,#2304,#2305);
#2035=AXIS2_PLACEMENT_3D('',#2844,#2306,#2307);
#2036=AXIS2_PLACEMENT_3D('',#2851,#2310,#2311);
#2037=AXIS2_PLACEMENT_3D('',#2853,#2313,#2314);
#2038=AXIS2_PLACEMENT_3D('',#2855,#2315,#2316);
#2039=AXIS2_PLACEMENT_3D('',#2858,#2318,#2319);
#2040=AXIS2_PLACEMENT_3D('',#2859,#2320,#2321);
#2041=AXIS2_PLACEMENT_3D('',#2862,#2323,#2324);
#2042=AXIS2_PLACEMENT_3D('',#2863,#2325,#2326);
#2043=AXIS2_PLACEMENT_3D('',#2866,#2327,#2328);
#2044=AXIS2_PLACEMENT_3D('',#2872,#2332,#2333);
#2045=AXIS2_PLACEMENT_3D('',#2878,#2337,#2338);
#2046=AXIS2_PLACEMENT_3D('',#2881,#2340,#2341);
#2047=AXIS2_PLACEMENT_3D('',#2882,#2342,#2343);
#2048=AXIS2_PLACEMENT_3D('',#2886,#2346,#2347);
#2049=AXIS2_PLACEMENT_3D('',#2909,#2360,#2361);
#2050=AXIS2_PLACEMENT_3D('',#2915,#2365,#2366);
#2051=AXIS2_PLACEMENT_3D('',#2918,#2368,#2369);
#2052=AXIS2_PLACEMENT_3D('',#2919,#2370,#2371);
#2053=AXIS2_PLACEMENT_3D('',#2923,#2374,#2375);
#2054=AXIS2_PLACEMENT_3D('',#2938,#2384,#2385);
#2055=AXIS2_PLACEMENT_3D('',#2942,#2388,#2389);
#2056=AXIS2_PLACEMENT_3D('',#2946,#2392,#2393);
#2057=AXIS2_PLACEMENT_3D('',#2947,#2394,#2395);
#2058=AXIS2_PLACEMENT_3D('',#2948,#2396,#2397);
#2059=AXIS2_PLACEMENT_3D('',#2952,#2400,#2401);
#2060=AXIS2_PLACEMENT_3D('',#2956,#2404,#2405);
#2061=AXIS2_PLACEMENT_3D('',#2957,#2406,#2407);
#2062=AXIS2_PLACEMENT_3D('',#2958,#2408,#2409);
#2063=AXIS2_PLACEMENT_3D('',#2967,#2414,#2415);
#2064=AXIS2_PLACEMENT_3D('',#2973,#2419,#2420);
#2065=AXIS2_PLACEMENT_3D('',#2982,#2425,#2426);
#2066=AXIS2_PLACEMENT_3D('',#2988,#2430,#2431);
#2067=AXIS2_PLACEMENT_3D('',#2994,#2435,#2436);
#2068=AXIS2_PLACEMENT_3D('',#3000,#2440,#2441);
#2069=AXIS2_PLACEMENT_3D('',#3003,#2444,#2445);
#2070=AXIS2_PLACEMENT_3D('',#3004,#2446,#2447);
#2071=AXIS2_PLACEMENT_3D('',#3010,#2451,#2452);
#2072=AXIS2_PLACEMENT_3D('',#3016,#2456,#2457);
#2073=AXIS2_PLACEMENT_3D('',#3019,#2460,#2461);
#2074=AXIS2_PLACEMENT_3D('',#3020,#2462,#2463);
#2075=AXIS2_PLACEMENT_3D('',#3021,#2464,#2465);
#2076=AXIS2_PLACEMENT_3D('',#3022,#2466,#2467);
#2077=AXIS2_PLACEMENT_3D('',#3023,#2468,#2469);
#2078=AXIS2_PLACEMENT_3D('',#3024,#2470,#2471);
#2079=AXIS2_PLACEMENT_3D('',#3028,#2473,#2474);
#2080=AXIS2_PLACEMENT_3D('',#3030,#2476,#2477);
#2081=AXIS2_PLACEMENT_3D('',#3047,#2487,#2488);
#2082=AXIS2_PLACEMENT_3D('',#3051,#2490,#2491);
#2083=AXIS2_PLACEMENT_3D('',#3053,#2493,#2494);
#2084=AXIS2_PLACEMENT_3D('',#3058,#2497,#2498);
#2085=AXIS2_PLACEMENT_3D('',#3061,#2500,#2501);
#2086=AXIS2_PLACEMENT_3D('',#3087,#2514,#2515);
#2087=AXIS2_PLACEMENT_3D('',#3089,#2516,#2517);
#2088=AXIS2_PLACEMENT_3D('',#3091,#2518,#2519);
#2089=AXIS2_PLACEMENT_3D('',#3092,#2520,#2521);
#2090=AXIS2_PLACEMENT_3D('',#3094,#2523,#2524);
#2091=AXIS2_PLACEMENT_3D('',#3097,#2527,#2528);
#2092=AXIS2_PLACEMENT_3D('',#3103,#2532,#2533);
#2093=AXIS2_PLACEMENT_3D('',#3107,#2536,#2537);
#2094=AXIS2_PLACEMENT_3D('',#3111,#2540,#2541);
#2095=AXIS2_PLACEMENT_3D('',#3117,#2545,#2546);
#2096=AXIS2_PLACEMENT_3D('',#3121,#2549,#2550);
#2097=AXIS2_PLACEMENT_3D('',#3125,#2553,#2554);
#2098=AXIS2_PLACEMENT_3D('',#3134,#2559,#2560);
#2099=AXIS2_PLACEMENT_3D('',#3141,#2565,#2566);
#2100=AXIS2_PLACEMENT_3D('',#3146,#2570,#2571);
#2101=AXIS2_PLACEMENT_3D('',#3150,#2574,#2575);
#2102=AXIS2_PLACEMENT_3D('',#3154,#2578,#2579);
#2103=AXIS2_PLACEMENT_3D('',#3156,#2581,#2582);
#2104=AXIS2_PLACEMENT_3D('',#3157,#2583,#2584);
#2105=AXIS2_PLACEMENT_3D('',#3163,#2588,#2589);
#2106=AXIS2_PLACEMENT_3D('',#3169,#2593,#2594);
#2107=AXIS2_PLACEMENT_3D('',#3175,#2598,#2599);
#2108=AXIS2_PLACEMENT_3D('',#3182,#2604,#2605);
#2109=AXIS2_PLACEMENT_3D('',#3186,#2608,#2609);
#2110=AXIS2_PLACEMENT_3D('',#3188,#2611,#2612);
#2111=AXIS2_PLACEMENT_3D('',#3189,#2613,#2614);
#2112=AXIS2_PLACEMENT_3D('',#3191,#2616,#2617);
#2113=AXIS2_PLACEMENT_3D('',#3193,#2619,#2620);
#2114=AXIS2_PLACEMENT_3D('',#3194,#2621,#2622);
#2115=AXIS2_PLACEMENT_3D('',#3196,#2623,#2624);
#2116=AXIS2_PLACEMENT_3D('',#3199,#2626,#2627);
#2117=AXIS2_PLACEMENT_3D('',#3200,#2628,#2629);
#2118=AXIS2_PLACEMENT_3D('',#3202,#2630,#2631);
#2119=AXIS2_PLACEMENT_3D('',#3204,#2633,#2634);
#2120=AXIS2_PLACEMENT_3D('',#3205,#2635,#2636);
#2121=AXIS2_PLACEMENT_3D('',#3207,#2637,#2638);
#2122=AXIS2_PLACEMENT_3D('',#3210,#2640,#2641);
#2123=AXIS2_PLACEMENT_3D('',#3211,#2642,#2643);
#2124=AXIS2_PLACEMENT_3D('',#3213,#2644,#2645);
#2125=AXIS2_PLACEMENT_3D('',#3215,#2647,#2648);
#2126=AXIS2_PLACEMENT_3D('',#3216,#2649,#2650);
#2127=AXIS2_PLACEMENT_3D('',#3217,#2651,#2652);
#2128=AXIS2_PLACEMENT_3D('',#3219,#2653,#2654);
#2129=AXIS2_PLACEMENT_3D('',#3222,#2656,#2657);
#2130=AXIS2_PLACEMENT_3D('',#3223,#2658,#2659);
#2131=AXIS2_PLACEMENT_3D('',#3225,#2660,#2661);
#2132=AXIS2_PLACEMENT_3D('',#3227,#2663,#2664);
#2133=AXIS2_PLACEMENT_3D('',#3228,#2665,#2666);
#2134=AXIS2_PLACEMENT_3D('',#3229,#2667,#2668);
#2135=AXIS2_PLACEMENT_3D('',#3233,#2671,#2672);
#2136=AXIS2_PLACEMENT_3D('',#3237,#2675,#2676);
#2137=AXIS2_PLACEMENT_3D('',#3241,#2680,#2681);
#2138=AXIS2_PLACEMENT_3D('',#3243,#2683,#2684);
#2139=AXIS2_PLACEMENT_3D('',#3245,#2686,#2687);
#2140=AXIS2_PLACEMENT_3D('',#3246,#2688,#2689);
#2141=AXIS2_PLACEMENT_3D('',#3248,#2691,#2692);
#2142=AXIS2_PLACEMENT_3D('',#3250,#2694,#2695);
#2143=AXIS2_PLACEMENT_3D('',#3251,#2696,#2697);
#2144=DIRECTION('axis',(0.,0.,1.));
#2145=DIRECTION('refdir',(1.,0.,0.));
#2146=DIRECTION('axis',(0.,0.,1.));
#2147=DIRECTION('refdir',(1.,0.,0.));
#2148=DIRECTION('center_axis',(0.,0.,-1.));
#2149=DIRECTION('ref_axis',(1.,0.,0.));
#2150=DIRECTION('center_axis',(0.,0.,-1.));
#2151=DIRECTION('ref_axis',(1.,0.,0.));
#2152=DIRECTION('',(0.,0.,-1.));
#2153=DIRECTION('center_axis',(0.,0.,-1.));
#2154=DIRECTION('ref_axis',(1.,0.,0.));
#2155=DIRECTION('center_axis',(0.,0.,1.));
#2156=DIRECTION('ref_axis',(1.,0.,0.));
#2157=DIRECTION('center_axis',(0.,0.,-1.));
#2158=DIRECTION('ref_axis',(1.,0.,0.));
#2159=DIRECTION('center_axis',(0.,0.,-1.));
#2160=DIRECTION('ref_axis',(1.,0.,0.));
#2161=DIRECTION('',(0.,0.,-1.));
#2162=DIRECTION('center_axis',(0.,0.,-1.));
#2163=DIRECTION('ref_axis',(1.,0.,0.));
#2164=DIRECTION('center_axis',(0.,0.,1.));
#2165=DIRECTION('ref_axis',(1.,0.,0.));
#2166=DIRECTION('center_axis',(0.,0.,-1.));
#2167=DIRECTION('ref_axis',(1.,0.,0.));
#2168=DIRECTION('center_axis',(0.,0.,-1.));
#2169=DIRECTION('ref_axis',(1.,0.,0.));
#2170=DIRECTION('',(0.,0.,-1.));
#2171=DIRECTION('center_axis',(0.,0.,-1.));
#2172=DIRECTION('ref_axis',(1.,0.,0.));
#2173=DIRECTION('center_axis',(0.,0.,1.));
#2174=DIRECTION('ref_axis',(1.,0.,0.));
#2175=DIRECTION('center_axis',(0.,0.,-1.));
#2176=DIRECTION('ref_axis',(1.,0.,0.));
#2177=DIRECTION('center_axis',(0.,0.,-1.));
#2178=DIRECTION('ref_axis',(1.,0.,0.));
#2179=DIRECTION('',(0.,0.,-1.));
#2180=DIRECTION('center_axis',(0.,0.,-1.));
#2181=DIRECTION('ref_axis',(1.,0.,0.));
#2182=DIRECTION('center_axis',(0.,0.,1.));
#2183=DIRECTION('ref_axis',(1.,0.,0.));
#2184=DIRECTION('center_axis',(0.,0.,1.));
#2185=DIRECTION('ref_axis',(1.,0.,0.));
#2186=DIRECTION('center_axis',(0.,0.,-1.));
#2187=DIRECTION('ref_axis',(1.,0.,0.));
#2188=DIRECTION('',(-0.707106781186546,8.65956056235491E-17,0.707106781186549));
#2189=DIRECTION('center_axis',(0.,0.,1.));
#2190=DIRECTION('ref_axis',(1.,0.,0.));
#2191=DIRECTION('center_axis',(0.,0.,1.));
#2192=DIRECTION('ref_axis',(1.,0.,0.));
#2193=DIRECTION('',(0.,0.,-1.));
#2194=DIRECTION('center_axis',(0.,0.,-1.));
#2195=DIRECTION('ref_axis',(1.,0.,0.));
#2196=DIRECTION('center_axis',(0.,0.,1.));
#2197=DIRECTION('ref_axis',(1.,0.,0.));
#2198=DIRECTION('',(1.,0.,0.));
#2199=DIRECTION('center_axis',(0.,0.,1.));
#2200=DIRECTION('ref_axis',(1.,0.,0.));
#2201=DIRECTION('',(-4.84460956199856E-16,-1.,0.));
#2202=DIRECTION('center_axis',(0.,0.,1.));
#2203=DIRECTION('ref_axis',(1.,0.,0.));
#2204=DIRECTION('center_axis',(0.,0.,-1.));
#2205=DIRECTION('ref_axis',(1.,0.,0.));
#2206=DIRECTION('',(-0.707106781186546,8.65956056235491E-17,0.707106781186549));
#2207=DIRECTION('center_axis',(0.,0.,1.));
#2208=DIRECTION('ref_axis',(1.,0.,0.));
#2209=DIRECTION('center_axis',(0.,0.,1.));
#2210=DIRECTION('ref_axis',(1.,0.,0.));
#2211=DIRECTION('',(0.,0.,-1.));
#2212=DIRECTION('center_axis',(0.,0.,-1.));
#2213=DIRECTION('ref_axis',(1.,0.,0.));
#2214=DIRECTION('center_axis',(0.,0.,1.));
#2215=DIRECTION('ref_axis',(1.,0.,0.));
#2216=DIRECTION('',(-1.,2.01246426930313E-13,0.));
#2217=DIRECTION('',(-4.84460956199856E-16,-1.,0.));
#2218=DIRECTION('center_axis',(0.,0.,1.));
#2219=DIRECTION('ref_axis',(1.,0.,0.));
#2220=DIRECTION('center_axis',(0.,0.,1.));
#2221=DIRECTION('ref_axis',(1.,0.,0.));
#2222=DIRECTION('center_axis',(0.,0.,-1.));
#2223=DIRECTION('ref_axis',(1.,0.,0.));
#2224=DIRECTION('',(-0.707106781186546,8.65956056235491E-17,0.707106781186549));
#2225=DIRECTION('center_axis',(0.,0.,1.));
#2226=DIRECTION('ref_axis',(1.,0.,0.));
#2227=DIRECTION('center_axis',(0.,0.,1.));
#2228=DIRECTION('ref_axis',(1.,0.,0.));
#2229=DIRECTION('',(0.,0.,-1.));
#2230=DIRECTION('center_axis',(0.,0.,-1.));
#2231=DIRECTION('ref_axis',(1.,0.,0.));
#2232=DIRECTION('center_axis',(0.,0.,1.));
#2233=DIRECTION('ref_axis',(1.,0.,0.));
#2234=DIRECTION('',(8.13571432445315E-13,1.,0.));
#2235=DIRECTION('',(-1.,2.01246426930313E-13,0.));
#2236=DIRECTION('center_axis',(0.,0.,1.));
#2237=DIRECTION('ref_axis',(1.,0.,0.));
#2238=DIRECTION('center_axis',(0.,0.,1.));
#2239=DIRECTION('ref_axis',(1.,0.,0.));
#2240=DIRECTION('center_axis',(0.,0.,-1.));
#2241=DIRECTION('ref_axis',(1.,0.,0.));
#2242=DIRECTION('',(-0.707106781186546,8.65956056235491E-17,0.707106781186549));
#2243=DIRECTION('center_axis',(0.,0.,1.));
#2244=DIRECTION('ref_axis',(1.,0.,0.));
#2245=DIRECTION('center_axis',(0.,0.,1.));
#2246=DIRECTION('ref_axis',(1.,0.,0.));
#2247=DIRECTION('',(0.,0.,-1.));
#2248=DIRECTION('center_axis',(0.,0.,-1.));
#2249=DIRECTION('ref_axis',(1.,0.,0.));
#2250=DIRECTION('center_axis',(0.,0.,1.));
#2251=DIRECTION('ref_axis',(1.,0.,0.));
#2252=DIRECTION('',(1.,0.,0.));
#2253=DIRECTION('',(8.13571432445315E-13,1.,0.));
#2254=DIRECTION('center_axis',(0.,0.,1.));
#2255=DIRECTION('ref_axis',(1.,0.,0.));
#2256=DIRECTION('center_axis',(0.,0.,1.));
#2257=DIRECTION('ref_axis',(1.,0.,0.));
#2258=DIRECTION('center_axis',(0.,0.,1.));
#2259=DIRECTION('ref_axis',(1.,0.,0.));
#2260=DIRECTION('',(0.707106781186546,8.65956056235492E-17,-0.707106781186549));
#2261=DIRECTION('center_axis',(0.,0.,-1.));
#2262=DIRECTION('ref_axis',(1.,0.,0.));
#2263=DIRECTION('center_axis',(0.,0.,1.));
#2264=DIRECTION('ref_axis',(1.,0.,0.));
#2265=DIRECTION('',(0.,0.,-1.));
#2266=DIRECTION('center_axis',(0.,0.,-1.));
#2267=DIRECTION('ref_axis',(1.,0.,0.));
#2268=DIRECTION('center_axis',(0.,0.,1.));
#2269=DIRECTION('ref_axis',(1.,0.,0.));
#2270=DIRECTION('center_axis',(0.,0.,1.));
#2271=DIRECTION('ref_axis',(1.,0.,0.));
#2272=DIRECTION('',(0.,-1.,0.));
#2273=DIRECTION('',(-1.,1.23915215006452E-14,0.));
#2274=DIRECTION('',(0.,1.,0.));
#2275=DIRECTION('center_axis',(0.,0.,1.));
#2276=DIRECTION('ref_axis',(1.,0.,0.));
#2277=DIRECTION('center_axis',(0.,0.,1.));
#2278=DIRECTION('ref_axis',(1.,0.,0.));
#2279=DIRECTION('',(0.707106781186546,8.65956056235492E-17,-0.707106781186549));
#2280=DIRECTION('center_axis',(0.,0.,-1.));
#2281=DIRECTION('ref_axis',(1.,0.,0.));
#2282=DIRECTION('center_axis',(0.,0.,1.));
#2283=DIRECTION('ref_axis',(1.,0.,0.));
#2284=DIRECTION('',(0.,0.,-1.));
#2285=DIRECTION('center_axis',(0.,0.,-1.));
#2286=DIRECTION('ref_axis',(1.,0.,0.));
#2287=DIRECTION('center_axis',(0.,0.,1.));
#2288=DIRECTION('ref_axis',(1.,0.,0.));
#2289=DIRECTION('',(-6.57844149524559E-13,1.,0.));
#2290=DIRECTION('center_axis',(0.,0.,1.));
#2291=DIRECTION('ref_axis',(1.,0.,0.));
#2292=DIRECTION('',(1.72602672895035E-13,-1.,0.));
#2293=DIRECTION('',(-1.,1.23915215006452E-14,0.));
#2294=DIRECTION('center_axis',(0.,0.,1.));
#2295=DIRECTION('ref_axis',(1.,0.,0.));
#2296=DIRECTION('center_axis',(0.,0.,1.));
#2297=DIRECTION('ref_axis',(1.,0.,0.));
#2298=DIRECTION('',(0.707106781186546,8.65956056235492E-17,-0.707106781186549));
#2299=DIRECTION('center_axis',(0.,0.,-1.));
#2300=DIRECTION('ref_axis',(1.,0.,0.));
#2301=DIRECTION('center_axis',(0.,0.,1.));
#2302=DIRECTION('ref_axis',(1.,0.,0.));
#2303=DIRECTION('',(0.,0.,-1.));
#2304=DIRECTION('center_axis',(0.,0.,-1.));
#2305=DIRECTION('ref_axis',(1.,0.,0.));
#2306=DIRECTION('center_axis',(0.,0.,1.));
#2307=DIRECTION('ref_axis',(1.,0.,0.));
#2308=DIRECTION('',(1.,-2.05248004971733E-13,0.));
#2309=DIRECTION('',(-9.94167711117673E-13,-1.,0.));
#2310=DIRECTION('center_axis',(0.,0.,1.));
#2311=DIRECTION('ref_axis',(1.,0.,0.));
#2312=DIRECTION('',(9.95351949010607E-13,1.,0.));
#2313=DIRECTION('center_axis',(0.,0.,1.));
#2314=DIRECTION('ref_axis',(1.,0.,0.));
#2315=DIRECTION('center_axis',(0.,0.,1.));
#2316=DIRECTION('ref_axis',(1.,0.,0.));
#2317=DIRECTION('',(0.707106781186546,8.65956056235492E-17,-0.707106781186549));
#2318=DIRECTION('center_axis',(0.,0.,-1.));
#2319=DIRECTION('ref_axis',(1.,0.,0.));
#2320=DIRECTION('center_axis',(0.,0.,1.));
#2321=DIRECTION('ref_axis',(1.,0.,0.));
#2322=DIRECTION('',(0.,0.,-1.));
#2323=DIRECTION('center_axis',(0.,0.,-1.));
#2324=DIRECTION('ref_axis',(1.,0.,0.));
#2325=DIRECTION('center_axis',(0.,0.,1.));
#2326=DIRECTION('ref_axis',(1.,0.,0.));
#2327=DIRECTION('center_axis',(0.,0.,1.));
#2328=DIRECTION('ref_axis',(1.,0.,0.));
#2329=DIRECTION('',(3.36323561593114E-13,1.,0.));
#2330=DIRECTION('',(1.,-2.05248004971733E-13,0.));
#2331=DIRECTION('',(-3.37507799486047E-13,-1.,0.));
#2332=DIRECTION('center_axis',(1.,-9.95351949010607E-13,0.));
#2333=DIRECTION('ref_axis',(9.95351949010607E-13,1.,0.));
#2334=DIRECTION('',(0.,0.,-1.));
#2335=DIRECTION('',(0.,0.,1.));
#2336=DIRECTION('',(9.95351949010607E-13,1.,0.));
#2337=DIRECTION('center_axis',(0.,0.,1.));
#2338=DIRECTION('ref_axis',(1.,0.,0.));
#2339=DIRECTION('',(0.,0.,1.));
#2340=DIRECTION('center_axis',(0.,0.,1.));
#2341=DIRECTION('ref_axis',(1.,0.,0.));
#2342=DIRECTION('center_axis',(-1.,9.94167711117673E-13,0.));
#2343=DIRECTION('ref_axis',(-9.94167711117673E-13,-1.,0.));
#2344=DIRECTION('',(0.,0.,1.));
#2345=DIRECTION('',(-9.94167711117673E-13,-1.,0.));
#2346=DIRECTION('center_axis',(-2.05248004971733E-13,-1.,0.));
#2347=DIRECTION('ref_axis',(-1.,2.05248004971733E-13,0.));
#2348=DIRECTION('',(-1.,2.05248004971733E-13,0.));
#2349=DIRECTION('',(0.,0.,-1.));
#2350=DIRECTION('',(1.,-2.05248004971733E-13,0.));
#2351=DIRECTION('',(0.,0.,1.));
#2352=DIRECTION('',(1.,2.86509167645202E-16,0.));
#2353=DIRECTION('',(0.,0.,1.));
#2354=DIRECTION('',(1.,-2.05248004971733E-13,0.));
#2355=DIRECTION('',(0.,0.,1.));
#2356=DIRECTION('',(-1.,2.05248004971733E-13,0.));
#2357=DIRECTION('',(0.,0.,1.));
#2358=DIRECTION('',(0.,0.,-1.));
#2359=DIRECTION('',(-1.,2.05248004971733E-13,0.));
#2360=DIRECTION('center_axis',(-1.,-1.72602672895035E-13,0.));
#2361=DIRECTION('ref_axis',(1.72602672895035E-13,-1.,0.));
#2362=DIRECTION('',(0.,0.,-1.));
#2363=DIRECTION('',(0.,0.,1.));
#2364=DIRECTION('',(1.72602672895035E-13,-1.,0.));
#2365=DIRECTION('center_axis',(0.,0.,1.));
#2366=DIRECTION('ref_axis',(1.,0.,0.));
#2367=DIRECTION('',(0.,0.,1.));
#2368=DIRECTION('center_axis',(0.,0.,1.));
#2369=DIRECTION('ref_axis',(1.,0.,0.));
#2370=DIRECTION('center_axis',(1.,6.57844149524559E-13,0.));
#2371=DIRECTION('ref_axis',(-6.57844149524559E-13,1.,0.));
#2372=DIRECTION('',(0.,0.,1.));
#2373=DIRECTION('',(-6.57844149524559E-13,1.,0.));
#2374=DIRECTION('center_axis',(1.23915215006452E-14,1.,0.));
#2375=DIRECTION('ref_axis',(1.,-1.23915215006452E-14,0.));
#2376=DIRECTION('',(1.,-1.23915215006452E-14,0.));
#2377=DIRECTION('',(0.,0.,1.));
#2378=DIRECTION('',(0.,0.,-1.));
#2379=DIRECTION('',(1.,-1.23915215006452E-14,0.));
#2380=DIRECTION('',(0.,0.,1.));
#2381=DIRECTION('',(-1.,-7.89294555639796E-13,0.));
#2382=DIRECTION('',(0.,0.,1.));
#2383=DIRECTION('',(1.,-1.23915215006452E-14,0.));
#2384=DIRECTION('center_axis',(-1.,3.37507799486047E-13,0.));
#2385=DIRECTION('ref_axis',(-3.37507799486047E-13,-1.,0.));
#2386=DIRECTION('',(0.,0.,-1.));
#2387=DIRECTION('',(-3.37507799486047E-13,-1.,0.));
#2388=DIRECTION('center_axis',(1.,-3.36323561593114E-13,0.));
#2389=DIRECTION('ref_axis',(3.36323561593114E-13,1.,0.));
#2390=DIRECTION('',(0.,0.,1.));
#2391=DIRECTION('',(3.36323561593114E-13,1.,0.));
#2392=DIRECTION('center_axis',(0.,0.,1.));
#2393=DIRECTION('ref_axis',(1.,0.,0.));
#2394=DIRECTION('center_axis',(0.,0.,1.));
#2395=DIRECTION('ref_axis',(1.,0.,0.));
#2396=DIRECTION('center_axis',(1.,0.,0.));
#2397=DIRECTION('ref_axis',(0.,1.,0.));
#2398=DIRECTION('',(0.,0.,-1.));
#2399=DIRECTION('',(0.,1.,0.));
#2400=DIRECTION('center_axis',(-1.,0.,0.));
#2401=DIRECTION('ref_axis',(0.,-1.,0.));
#2402=DIRECTION('',(0.,0.,1.));
#2403=DIRECTION('',(0.,-1.,0.));
#2404=DIRECTION('center_axis',(0.,0.,1.));
#2405=DIRECTION('ref_axis',(1.,0.,0.));
#2406=DIRECTION('center_axis',(0.,0.,1.));
#2407=DIRECTION('ref_axis',(1.,0.,0.));
#2408=DIRECTION('center_axis',(0.,0.707106781186548,0.707106781186548));
#2409=DIRECTION('ref_axis',(1.,0.,0.));
#2410=DIRECTION('',(0.,-0.707106781186548,0.707106781186548));
#2411=DIRECTION('',(1.,0.,0.));
#2412=DIRECTION('',(0.,0.707106781186548,-0.707106781186548));
#2413=DIRECTION('',(-1.,0.,0.));
#2414=DIRECTION('center_axis',(0.,1.,0.));
#2415=DIRECTION('ref_axis',(-1.,0.,0.));
#2416=DIRECTION('',(0.,0.,1.));
#2417=DIRECTION('',(-1.,0.,0.));
#2418=DIRECTION('',(0.,0.,1.));
#2419=DIRECTION('center_axis',(0.,0.707106781186548,0.707106781186548));
#2420=DIRECTION('ref_axis',(1.,0.,0.));
#2421=DIRECTION('',(-1.57009245868378E-16,-0.707106781186548,0.707106781186548));
#2422=DIRECTION('',(1.,0.,0.));
#2423=DIRECTION('',(1.57009245868378E-16,0.707106781186548,-0.707106781186548));
#2424=DIRECTION('',(-1.,0.,0.));
#2425=DIRECTION('center_axis',(0.,1.,0.));
#2426=DIRECTION('ref_axis',(-1.,0.,0.));
#2427=DIRECTION('',(0.,0.,1.));
#2428=DIRECTION('',(-1.,0.,0.));
#2429=DIRECTION('',(0.,0.,1.));
#2430=DIRECTION('center_axis',(1.,-2.22044604925031E-16,0.));
#2431=DIRECTION('ref_axis',(2.22044604925031E-16,1.,0.));
#2432=DIRECTION('',(2.22044604925031E-16,1.,0.));
#2433=DIRECTION('',(0.,0.,1.));
#2434=DIRECTION('',(-2.22044604925031E-16,-1.,0.));
#2435=DIRECTION('center_axis',(0.,-1.,0.));
#2436=DIRECTION('ref_axis',(1.,0.,0.));
#2437=DIRECTION('',(1.,0.,0.));
#2438=DIRECTION('',(0.,0.,1.));
#2439=DIRECTION('',(-1.,0.,0.));
#2440=DIRECTION('center_axis',(-1.,2.22044604925031E-16,0.));
#2441=DIRECTION('ref_axis',(-2.22044604925031E-16,-1.,0.));
#2442=DIRECTION('',(-2.22044604925031E-16,-1.,0.));
#2443=DIRECTION('',(2.22044604925031E-16,1.,0.));
#2444=DIRECTION('center_axis',(0.,0.,1.));
#2445=DIRECTION('ref_axis',(1.,0.,0.));
#2446=DIRECTION('center_axis',(-1.,0.,0.));
#2447=DIRECTION('ref_axis',(0.,-1.,0.));
#2448=DIRECTION('',(0.,-1.,0.));
#2449=DIRECTION('',(0.,1.,0.));
#2450=DIRECTION('',(0.,0.,1.));
#2451=DIRECTION('center_axis',(1.,0.,0.));
#2452=DIRECTION('ref_axis',(0.,1.,0.));
#2453=DIRECTION('',(0.,1.,0.));
#2454=DIRECTION('',(0.,0.,1.));
#2455=DIRECTION('',(0.,-1.,0.));
#2456=DIRECTION('center_axis',(0.,-1.,0.));
#2457=DIRECTION('ref_axis',(1.,0.,0.));
#2458=DIRECTION('',(1.,0.,0.));
#2459=DIRECTION('',(-1.,0.,0.));
#2460=DIRECTION('center_axis',(0.,0.,1.));
#2461=DIRECTION('ref_axis',(1.,0.,0.));
#2462=DIRECTION('center_axis',(0.,0.,1.));
#2463=DIRECTION('ref_axis',(1.,0.,0.));
#2464=DIRECTION('center_axis',(0.,0.,1.));
#2465=DIRECTION('ref_axis',(1.,0.,0.));
#2466=DIRECTION('center_axis',(0.,0.,1.));
#2467=DIRECTION('ref_axis',(1.,0.,0.));
#2468=DIRECTION('center_axis',(0.,0.,1.));
#2469=DIRECTION('ref_axis',(1.,0.,0.));
#2470=DIRECTION('center_axis',(0.,0.,1.));
#2471=DIRECTION('ref_axis',(-0.707106781186548,-0.707106781186547,0.));
#2472=DIRECTION('',(0.,0.,1.));
#2473=DIRECTION('center_axis',(0.,0.,-1.));
#2474=DIRECTION('ref_axis',(1.,0.,0.));
#2475=DIRECTION('',(0.,0.,1.));
#2476=DIRECTION('center_axis',(-1.,4.84460956199856E-16,0.));
#2477=DIRECTION('ref_axis',(-4.84460956199856E-16,-1.,0.));
#2478=DIRECTION('',(4.84460956199856E-16,1.,0.));
#2479=DIRECTION('',(0.,0.,1.));
#2480=DIRECTION('',(0.,0.,1.));
#2481=DIRECTION('',(-4.84460956199856E-16,-1.,0.));
#2482=DIRECTION('',(0.,0.,1.));
#2483=DIRECTION('',(6.269494727295E-15,-1.,0.));
#2484=DIRECTION('',(0.,0.,1.));
#2485=DIRECTION('',(-4.84460956199856E-16,-1.,0.));
#2486=DIRECTION('',(0.,0.,1.));
#2487=DIRECTION('center_axis',(0.,0.,1.));
#2488=DIRECTION('ref_axis',(0.70710560323848,-0.707107959132653,0.));
#2489=DIRECTION('',(0.,0.,1.));
#2490=DIRECTION('center_axis',(0.,0.,-1.));
#2491=DIRECTION('ref_axis',(1.,0.,0.));
#2492=DIRECTION('',(0.,0.,1.));
#2493=DIRECTION('center_axis',(0.,0.,1.));
#2494=DIRECTION('ref_axis',(1.,0.,0.));
#2495=DIRECTION('',(-1.,0.,0.));
#2496=DIRECTION('',(-8.13571432445315E-13,-1.,0.));
#2497=DIRECTION('center_axis',(0.,0.,-1.));
#2498=DIRECTION('ref_axis',(1.,0.,0.));
#2499=DIRECTION('',(1.,-2.01246426930313E-13,0.));
#2500=DIRECTION('center_axis',(0.,0.,-1.));
#2501=DIRECTION('ref_axis',(1.,0.,0.));
#2502=DIRECTION('',(-1.,1.48029736616666E-15,0.));
#2503=DIRECTION('',(-4.00539816367983E-13,1.,0.));
#2504=DIRECTION('',(1.,0.,0.));
#2505=DIRECTION('',(4.65863906591088E-13,-1.,0.));
#2506=DIRECTION('',(-1.,0.,0.));
#2507=DIRECTION('',(5.40361406413987E-13,-1.,0.));
#2508=DIRECTION('',(1.,-2.96059473233975E-15,0.));
#2509=DIRECTION('',(4.65863906591088E-13,-1.,0.));
#2510=DIRECTION('',(-1.,3.05311331771884E-15,0.));
#2511=DIRECTION('',(-4.00539816367983E-13,1.,0.));
#2512=DIRECTION('',(1.,-1.03620815632361E-14,0.));
#2513=DIRECTION('',(-3.15779148861242E-13,1.,0.));
#2514=DIRECTION('center_axis',(0.,0.,-1.));
#2515=DIRECTION('ref_axis',(1.,0.,0.));
#2516=DIRECTION('center_axis',(0.,0.,-1.));
#2517=DIRECTION('ref_axis',(1.,0.,0.));
#2518=DIRECTION('center_axis',(0.,0.,-1.));
#2519=DIRECTION('ref_axis',(1.,0.,0.));
#2520=DIRECTION('center_axis',(0.,0.,1.));
#2521=DIRECTION('ref_axis',(-0.707106824518567,0.707106737854526,0.));
#2522=DIRECTION('',(0.,0.,1.));
#2523=DIRECTION('center_axis',(0.,0.,1.));
#2524=DIRECTION('ref_axis',(0.707105830439393,0.707107731932424,0.));
#2525=DIRECTION('',(0.,0.,1.));
#2526=DIRECTION('',(0.,0.,1.));
#2527=DIRECTION('center_axis',(0.,0.,1.));
#2528=DIRECTION('ref_axis',(1.,0.,0.));
#2529=DIRECTION('',(-2.04836148043084E-12,-1.,0.));
#2530=DIRECTION('',(-1.,-2.00556417351641E-15,0.));
#2531=DIRECTION('',(2.04933292557742E-12,1.,0.));
#2532=DIRECTION('center_axis',(-1.,2.04836148043084E-12,0.));
#2533=DIRECTION('ref_axis',(-2.04836148043084E-12,-1.,0.));
#2534=DIRECTION('',(-2.04836148043084E-12,-1.,0.));
#2535=DIRECTION('',(0.,0.,1.));
#2536=DIRECTION('center_axis',(1.,-2.04933292557742E-12,0.));
#2537=DIRECTION('ref_axis',(2.04933292557742E-12,1.,0.));
#2538=DIRECTION('',(0.,0.,1.));
#2539=DIRECTION('',(2.04933292557742E-12,1.,0.));
#2540=DIRECTION('center_axis',(0.,0.,1.));
#2541=DIRECTION('ref_axis',(1.,0.,0.));
#2542=DIRECTION('',(1.,-2.22044604924693E-15,0.));
#2543=DIRECTION('',(-1.,8.88178419698815E-15,0.));
#2544=DIRECTION('',(-5.2245789394125E-16,1.,0.));
#2545=DIRECTION('center_axis',(-2.22044604924693E-15,-1.,0.));
#2546=DIRECTION('ref_axis',(1.,-2.22044604924693E-15,0.));
#2547=DIRECTION('',(0.,0.,1.));
#2548=DIRECTION('',(1.,-2.22044604924693E-15,0.));
#2549=DIRECTION('center_axis',(8.88178419698815E-15,1.,0.));
#2550=DIRECTION('ref_axis',(-1.,8.88178419698815E-15,0.));
#2551=DIRECTION('',(-1.,8.88178419698815E-15,0.));
#2552=DIRECTION('',(0.,0.,1.));
#2553=DIRECTION('center_axis',(1.,3.15779148861242E-13,0.));
#2554=DIRECTION('ref_axis',(-3.15779148861242E-13,1.,0.));
#2555=DIRECTION('',(-3.15779148861242E-13,1.,0.));
#2556=DIRECTION('',(0.,0.,1.));
#2557=DIRECTION('',(-3.15779148861242E-13,1.,0.));
#2558=DIRECTION('',(0.,0.,1.));
#2559=DIRECTION('center_axis',(0.,-1.,0.));
#2560=DIRECTION('ref_axis',(1.,0.,0.));
#2561=DIRECTION('',(0.,0.,1.));
#2562=DIRECTION('',(0.,0.,1.));
#2563=DIRECTION('',(1.,0.,0.));
#2564=DIRECTION('',(1.,0.,0.));
#2565=DIRECTION('center_axis',(-1.48029736616666E-15,-1.,0.));
#2566=DIRECTION('ref_axis',(1.,-1.48029736616666E-15,0.));
#2567=DIRECTION('',(1.,-1.48029736616666E-15,0.));
#2568=DIRECTION('',(0.,0.,1.));
#2569=DIRECTION('',(0.,0.,-1.));
#2570=DIRECTION('center_axis',(-1.,-4.00539816367983E-13,0.));
#2571=DIRECTION('ref_axis',(4.00539816367983E-13,-1.,0.));
#2572=DIRECTION('',(4.00539816367983E-13,-1.,0.));
#2573=DIRECTION('',(0.,0.,1.));
#2574=DIRECTION('center_axis',(0.,1.,0.));
#2575=DIRECTION('ref_axis',(-1.,0.,0.));
#2576=DIRECTION('',(-1.,0.,0.));
#2577=DIRECTION('',(0.,0.,1.));
#2578=DIRECTION('center_axis',(1.,4.65863906591088E-13,0.));
#2579=DIRECTION('ref_axis',(-4.65863906591088E-13,1.,0.));
#2580=DIRECTION('',(-4.65863906591088E-13,1.,0.));
#2581=DIRECTION('center_axis',(0.,0.,1.));
#2582=DIRECTION('ref_axis',(1.,0.,0.));
#2583=DIRECTION('center_axis',(-1.,-4.00539816367983E-13,0.));
#2584=DIRECTION('ref_axis',(4.00539816367983E-13,-1.,0.));
#2585=DIRECTION('',(4.00539816367983E-13,-1.,0.));
#2586=DIRECTION('',(0.,0.,1.));
#2587=DIRECTION('',(0.,0.,1.));
#2588=DIRECTION('center_axis',(1.03620815632361E-14,1.,0.));
#2589=DIRECTION('ref_axis',(-1.,1.03620815632361E-14,0.));
#2590=DIRECTION('',(-1.,1.03620815632361E-14,0.));
#2591=DIRECTION('',(0.,0.,1.));
#2592=DIRECTION('',(0.,0.,1.));
#2593=DIRECTION('center_axis',(1.,3.15779148861242E-13,0.));
#2594=DIRECTION('ref_axis',(-3.15779148861242E-13,1.,0.));
#2595=DIRECTION('',(-3.15779148861242E-13,1.,0.));
#2596=DIRECTION('',(-3.15779148861242E-13,1.,0.));
#2597=DIRECTION('',(0.,0.,1.));
#2598=DIRECTION('center_axis',(2.96059473233975E-15,1.,0.));
#2599=DIRECTION('ref_axis',(-1.,2.96059473233975E-15,0.));
#2600=DIRECTION('',(-1.,1.68753899742812E-14,0.));
#2601=DIRECTION('',(-1.,2.96059473233975E-15,0.));
#2602=DIRECTION('',(0.,0.,1.));
#2603=DIRECTION('',(0.,0.,1.));
#2604=DIRECTION('center_axis',(1.,4.65863906591088E-13,0.));
#2605=DIRECTION('ref_axis',(-4.65863906591088E-13,1.,0.));
#2606=DIRECTION('',(-4.65863906591088E-13,1.,0.));
#2607=DIRECTION('',(0.,0.,1.));
#2608=DIRECTION('center_axis',(-3.05311331771884E-15,-1.,0.));
#2609=DIRECTION('ref_axis',(1.,-3.05311331771884E-15,0.));
#2610=DIRECTION('',(1.,-3.05311331771884E-15,0.));
#2611=DIRECTION('center_axis',(0.,0.,1.));
#2612=DIRECTION('ref_axis',(1.,0.,0.));
#2613=DIRECTION('center_axis',(1.,5.40361406413987E-13,0.));
#2614=DIRECTION('ref_axis',(-5.40361406413987E-13,1.,0.));
#2615=DIRECTION('',(5.40361406413987E-13,-1.,0.));
#2616=DIRECTION('center_axis',(-1.,-3.15779148861242E-13,0.));
#2617=DIRECTION('ref_axis',(3.15779148861242E-13,-1.,0.));
#2618=DIRECTION('',(-3.15779148861242E-13,1.,0.));
#2619=DIRECTION('center_axis',(0.,0.,1.));
#2620=DIRECTION('ref_axis',(1.,0.,0.));
#2621=DIRECTION('center_axis',(0.,0.,1.));
#2622=DIRECTION('ref_axis',(1.,0.,0.));
#2623=DIRECTION('center_axis',(0.,0.,-1.));
#2624=DIRECTION('ref_axis',(1.,0.,0.));
#2625=DIRECTION('',(0.,0.,-1.));
#2626=DIRECTION('center_axis',(0.,0.,1.));
#2627=DIRECTION('ref_axis',(1.,0.,0.));
#2628=DIRECTION('center_axis',(0.,0.,1.));
#2629=DIRECTION('ref_axis',(1.,0.,0.));
#2630=DIRECTION('center_axis',(0.,0.,1.));
#2631=DIRECTION('ref_axis',(1.,0.,0.));
#2632=DIRECTION('',(0.,0.,-1.));
#2633=DIRECTION('center_axis',(0.,0.,1.));
#2634=DIRECTION('ref_axis',(1.,0.,0.));
#2635=DIRECTION('center_axis',(0.,0.,1.));
#2636=DIRECTION('ref_axis',(1.,0.,0.));
#2637=DIRECTION('center_axis',(0.,0.,-1.));
#2638=DIRECTION('ref_axis',(1.,0.,0.));
#2639=DIRECTION('',(0.,0.,-1.));
#2640=DIRECTION('center_axis',(0.,0.,1.));
#2641=DIRECTION('ref_axis',(1.,0.,0.));
#2642=DIRECTION('center_axis',(0.,0.,1.));
#2643=DIRECTION('ref_axis',(1.,0.,0.));
#2644=DIRECTION('center_axis',(0.,0.,1.));
#2645=DIRECTION('ref_axis',(1.,0.,0.));
#2646=DIRECTION('',(0.,0.,-1.));
#2647=DIRECTION('center_axis',(0.,0.,1.));
#2648=DIRECTION('ref_axis',(1.,0.,0.));
#2649=DIRECTION('center_axis',(0.,0.,1.));
#2650=DIRECTION('ref_axis',(1.,0.,0.));
#2651=DIRECTION('center_axis',(0.,0.,1.));
#2652=DIRECTION('ref_axis',(1.,0.,0.));
#2653=DIRECTION('center_axis',(0.,0.,-1.));
#2654=DIRECTION('ref_axis',(1.,0.,0.));
#2655=DIRECTION('',(0.,0.,-1.));
#2656=DIRECTION('center_axis',(0.,0.,1.));
#2657=DIRECTION('ref_axis',(1.,0.,0.));
#2658=DIRECTION('center_axis',(0.,0.,1.));
#2659=DIRECTION('ref_axis',(1.,0.,0.));
#2660=DIRECTION('center_axis',(0.,0.,1.));
#2661=DIRECTION('ref_axis',(1.,0.,0.));
#2662=DIRECTION('',(0.,0.,-1.));
#2663=DIRECTION('center_axis',(0.,0.,1.));
#2664=DIRECTION('ref_axis',(1.,0.,0.));
#2665=DIRECTION('center_axis',(0.,0.,1.));
#2666=DIRECTION('ref_axis',(1.,0.,0.));
#2667=DIRECTION('center_axis',(0.,-1.,0.));
#2668=DIRECTION('ref_axis',(1.,0.,0.));
#2669=DIRECTION('',(1.,0.,0.));
#2670=DIRECTION('',(0.,0.,1.));
#2671=DIRECTION('center_axis',(1.,-8.13571432445315E-13,0.));
#2672=DIRECTION('ref_axis',(8.13571432445315E-13,1.,0.));
#2673=DIRECTION('',(8.13571432445315E-13,1.,0.));
#2674=DIRECTION('',(0.,0.,1.));
#2675=DIRECTION('center_axis',(0.,0.,1.));
#2676=DIRECTION('ref_axis',(1.,0.,0.));
#2677=DIRECTION('',(6.57703646723717E-13,-1.,0.));
#2678=DIRECTION('',(-1.,2.01246426930313E-13,0.));
#2679=DIRECTION('',(-3.01077430406707E-16,1.,0.));
#2680=DIRECTION('center_axis',(2.01246426930313E-13,1.,0.));
#2681=DIRECTION('ref_axis',(-1.,2.01246426930313E-13,0.));
#2682=DIRECTION('',(-1.,2.01246426930313E-13,0.));
#2683=DIRECTION('center_axis',(0.,0.,1.));
#2684=DIRECTION('ref_axis',(1.,0.,0.));
#2685=DIRECTION('',(-3.01077430406707E-16,1.,0.));
#2686=DIRECTION('center_axis',(0.,0.,1.));
#2687=DIRECTION('ref_axis',(1.,0.,0.));
#2688=DIRECTION('center_axis',(-1.,-6.57703646723717E-13,0.));
#2689=DIRECTION('ref_axis',(-6.57703646723717E-13,1.,0.));
#2690=DIRECTION('',(-6.57703646723717E-13,1.,0.));
#2691=DIRECTION('center_axis',(1.,3.01077430406707E-16,0.));
#2692=DIRECTION('ref_axis',(3.01077430406707E-16,-1.,0.));
#2693=DIRECTION('',(3.01077430406707E-16,-1.,0.));
#2694=DIRECTION('center_axis',(0.,0.,-1.));
#2695=DIRECTION('ref_axis',(-1.,0.,0.));
#2696=DIRECTION('',(0.,0.,1.));
#2697=DIRECTION('',(1.,0.,0.));
#2698=CARTESIAN_POINT('',(0.,0.,0.));
#2699=CARTESIAN_POINT('',(0.,0.,0.));
#2700=CARTESIAN_POINT('Origin',(55.0000000000138,-22.5000000000255,16.5));
#2701=CARTESIAN_POINT('',(53.2500000000138,-22.5000000000255,16.5));
#2702=CARTESIAN_POINT('Origin',(55.0000000000138,-22.5000000000255,16.5));
#2703=CARTESIAN_POINT('',(53.2500000000138,-22.5000000000255,11.5));
#2704=CARTESIAN_POINT('',(53.2500000000138,-22.5000000000255,16.5));
#2705=CARTESIAN_POINT('Origin',(55.0000000000138,-22.5000000000255,11.5));
#2706=CARTESIAN_POINT('Origin',(-2.57216470345156E-11,-1.3882228699913E-11,
11.5));
#2707=CARTESIAN_POINT('Origin',(-55.0000000000728,-22.499999999965,16.5));
#2708=CARTESIAN_POINT('',(-56.7500000000728,-22.499999999965,16.5));
#2709=CARTESIAN_POINT('Origin',(-55.0000000000728,-22.499999999965,16.5));
#2710=CARTESIAN_POINT('',(-56.7500000000728,-22.499999999965,11.5));
#2711=CARTESIAN_POINT('',(-56.7500000000728,-22.499999999965,16.5));
#2712=CARTESIAN_POINT('Origin',(-55.0000000000728,-22.499999999965,11.5));
#2713=CARTESIAN_POINT('Origin',(-2.57216470345156E-11,-1.3882228699913E-11,
11.5));
#2714=CARTESIAN_POINT('Origin',(55.0000000000214,22.4999999999977,16.5));
#2715=CARTESIAN_POINT('',(53.2500000000214,22.4999999999977,16.5));
#2716=CARTESIAN_POINT('Origin',(55.0000000000214,22.4999999999977,16.5));
#2717=CARTESIAN_POINT('',(53.2500000000214,22.4999999999977,11.5));
#2718=CARTESIAN_POINT('',(53.2500000000214,22.4999999999977,16.5));
#2719=CARTESIAN_POINT('Origin',(55.0000000000214,22.4999999999977,11.5));
#2720=CARTESIAN_POINT('Origin',(-2.57216470345156E-11,-1.3882228699913E-11,
11.5));
#2721=CARTESIAN_POINT('Origin',(-55.0000000000653,22.4999999999605,16.5));
#2722=CARTESIAN_POINT('',(-56.7500000000653,22.4999999999605,16.5));
#2723=CARTESIAN_POINT('Origin',(-55.0000000000653,22.4999999999605,16.5));
#2724=CARTESIAN_POINT('',(-56.7500000000653,22.4999999999605,11.5));
#2725=CARTESIAN_POINT('',(-56.7500000000653,22.4999999999605,16.5));
#2726=CARTESIAN_POINT('Origin',(-55.0000000000653,22.4999999999605,11.5));
#2727=CARTESIAN_POINT('Origin',(-2.57216470345156E-11,-1.3882228699913E-11,
11.5));
#2728=CARTESIAN_POINT('Origin',(55.0000000000214,22.4999999999977,20.5));
#2729=CARTESIAN_POINT('',(52.5000000000214,22.4999999999977,20.));
#2730=CARTESIAN_POINT('Origin',(55.0000000000214,22.4999999999977,20.));
#2731=CARTESIAN_POINT('',(51.5000000000214,22.4999999999977,21.));
#2732=CARTESIAN_POINT('',(52.0000000000214,22.4999999999977,20.5));
#2733=CARTESIAN_POINT('Origin',(55.0000000000214,22.4999999999977,21.));
#2734=CARTESIAN_POINT('Origin',(55.0000000000214,22.4999999999977,0.));
#2735=CARTESIAN_POINT('',(52.5000000000214,22.4999999999977,16.5));
#2736=CARTESIAN_POINT('',(52.5000000000214,22.4999999999977,0.));
#2737=CARTESIAN_POINT('Origin',(55.0000000000214,22.4999999999977,16.5));
#2738=CARTESIAN_POINT('Origin',(-2.57216470345156E-11,-1.43307588018615E-11,
21.));
#2739=CARTESIAN_POINT('',(55.0000000000214,27.4999999999977,21.));
#2740=CARTESIAN_POINT('',(60.0000000000214,27.4999999999977,21.));
#2741=CARTESIAN_POINT('',(-30.0000000000018,27.4999999999977,21.));
#2742=CARTESIAN_POINT('',(60.0000000000214,22.4999999999977,21.));
#2743=CARTESIAN_POINT('Origin',(55.0000000000214,22.4999999999977,21.));
#2744=CARTESIAN_POINT('',(60.0000000000214,13.7499999999917,21.));
#2745=CARTESIAN_POINT('Origin',(55.0000000000138,-22.5000000000255,20.5));
#2746=CARTESIAN_POINT('',(52.5000000000138,-22.5000000000255,20.));
#2747=CARTESIAN_POINT('Origin',(55.0000000000138,-22.5000000000255,20.));
#2748=CARTESIAN_POINT('',(51.5000000000138,-22.5000000000255,21.));
#2749=CARTESIAN_POINT('',(52.0000000000138,-22.5000000000255,20.5));
#2750=CARTESIAN_POINT('Origin',(55.0000000000138,-22.5000000000255,21.));
#2751=CARTESIAN_POINT('Origin',(55.0000000000138,-22.5000000000255,0.));
#2752=CARTESIAN_POINT('',(52.5000000000138,-22.5000000000255,16.5));
#2753=CARTESIAN_POINT('',(52.5000000000138,-22.5000000000255,0.));
#2754=CARTESIAN_POINT('Origin',(55.0000000000138,-22.5000000000255,16.5));
#2755=CARTESIAN_POINT('Origin',(-2.57216470345156E-11,-1.43307588018615E-11,
21.));
#2756=CARTESIAN_POINT('',(60.0000000000214,-27.5000000000264,21.));
#2757=CARTESIAN_POINT('',(55.0000006128211,-27.5000000000255,21.));
#2758=CARTESIAN_POINT('',(29.9999999999951,-27.5000000000204,21.));
#2759=CARTESIAN_POINT('',(60.0000000000138,-22.5000000000255,21.));
#2760=CARTESIAN_POINT('',(60.0000000000214,13.7499999999917,21.));
#2761=CARTESIAN_POINT('Origin',(55.0000000000138,-22.5000000000255,21.));
#2762=CARTESIAN_POINT('Origin',(-55.0000000000728,-22.499999999965,20.5));
#2763=CARTESIAN_POINT('',(-57.5000000000728,-22.499999999965,20.));
#2764=CARTESIAN_POINT('Origin',(-55.0000000000728,-22.499999999965,20.));
#2765=CARTESIAN_POINT('',(-58.5000000000728,-22.499999999965,21.));
#2766=CARTESIAN_POINT('',(-58.0000000000728,-22.499999999965,20.5));
#2767=CARTESIAN_POINT('Origin',(-55.0000000000728,-22.499999999965,21.));
#2768=CARTESIAN_POINT('Origin',(-55.0000000000728,-22.499999999965,0.));
#2769=CARTESIAN_POINT('',(-57.5000000000728,-22.499999999965,16.5));
#2770=CARTESIAN_POINT('',(-57.5000000000728,-22.499999999965,0.));
#2771=CARTESIAN_POINT('Origin',(-55.0000000000728,-22.499999999965,16.5));
#2772=CARTESIAN_POINT('Origin',(-2.57216470345156E-11,-1.43307588018615E-11,
21.));
#2773=CARTESIAN_POINT('',(-60.0000000000227,-27.5000000000023,21.));
#2774=CARTESIAN_POINT('',(-60.0000000000548,-22.5000134455522,21.));
#2775=CARTESIAN_POINT('',(-60.0000000000115,-13.7499999999839,21.));
#2776=CARTESIAN_POINT('',(-55.0000000000728,-27.499999999965,21.));
#2777=CARTESIAN_POINT('',(29.9999999999951,-27.5000000000204,21.));
#2778=CARTESIAN_POINT('Origin',(-55.0000000000728,-22.499999999965,21.));
#2779=CARTESIAN_POINT('Origin',(-55.0000000000653,22.4999999999605,20.5));
#2780=CARTESIAN_POINT('',(-57.5000000000653,22.4999999999605,20.));
#2781=CARTESIAN_POINT('Origin',(-55.0000000000653,22.4999999999605,20.));
#2782=CARTESIAN_POINT('',(-58.5000000000652,22.4999999999605,21.));
#2783=CARTESIAN_POINT('',(-58.0000000000653,22.4999999999605,20.5));
#2784=CARTESIAN_POINT('Origin',(-55.0000000000653,22.4999999999605,21.));
#2785=CARTESIAN_POINT('Origin',(-55.0000000000653,22.4999999999605,0.));
#2786=CARTESIAN_POINT('',(-57.5000000000653,22.4999999999605,16.5));
#2787=CARTESIAN_POINT('',(-57.5000000000653,22.4999999999605,0.));
#2788=CARTESIAN_POINT('Origin',(-55.0000000000653,22.4999999999605,16.5));
#2789=CARTESIAN_POINT('Origin',(-2.57216470345156E-11,-1.43307588018615E-11,
21.));
#2790=CARTESIAN_POINT('',(-59.9999999999779,27.4999999999977,21.));
#2791=CARTESIAN_POINT('',(-55.0000000000653,27.4999999999605,21.));
#2792=CARTESIAN_POINT('',(-30.0000000000018,27.4999999999977,21.));
#2793=CARTESIAN_POINT('',(-60.0000000000375,22.5000166586479,21.));
#2794=CARTESIAN_POINT('',(-60.0000000000115,-13.7499999999839,21.));
#2795=CARTESIAN_POINT('Origin',(-55.0000000000653,22.4999999999605,21.));
#2796=CARTESIAN_POINT('Origin',(-44.5000000000195,36.9999999999837,0.5));
#2797=CARTESIAN_POINT('',(-48.0000000000195,36.9999999999837,1.));
#2798=CARTESIAN_POINT('Origin',(-44.5000000000195,36.9999999999837,1.));
#2799=CARTESIAN_POINT('',(-47.0000000000195,36.9999999999837,0.));
#2800=CARTESIAN_POINT('',(-47.5000000000195,36.9999999999837,0.5));
#2801=CARTESIAN_POINT('Origin',(-44.5000000000195,36.9999999999837,0.));
#2802=CARTESIAN_POINT('Origin',(-44.5000000000195,36.9999999999837,0.));
#2803=CARTESIAN_POINT('',(-47.0000000000195,36.9999999999837,-2.));
#2804=CARTESIAN_POINT('',(-47.0000000000195,36.9999999999837,0.));
#2805=CARTESIAN_POINT('Origin',(-44.5000000000195,36.9999999999837,-2.));
#2806=CARTESIAN_POINT('Origin',(-44.5000000000255,36.999999999986,1.));
#2807=CARTESIAN_POINT('',(-37.0000000000236,36.9999925154124,1.));
#2808=CARTESIAN_POINT('',(-52.0000000000199,36.9999999999837,1.));
#2809=CARTESIAN_POINT('Origin',(-44.5000000000199,36.9999999999837,1.));
#2810=CARTESIAN_POINT('',(-52.0000000000311,29.4999999999978,1.));
#2811=CARTESIAN_POINT('',(-52.0000000000311,44.4999999999978,1.));
#2812=CARTESIAN_POINT('',(-37.0000000000311,29.4999999999978,1.));
#2813=CARTESIAN_POINT('',(-53.2500000000477,29.4999999999977,1.));
#2814=CARTESIAN_POINT('',(-37.0000000000311,29.4999999999978,1.));
#2815=CARTESIAN_POINT('Origin',(44.4999999999837,37.0000000000038,0.5));
#2816=CARTESIAN_POINT('',(40.9999999999837,37.0000000000038,1.));
#2817=CARTESIAN_POINT('Origin',(44.4999999999837,37.0000000000038,1.));
#2818=CARTESIAN_POINT('',(41.9999999999837,37.0000000000038,0.));
#2819=CARTESIAN_POINT('',(41.4999999999837,37.0000000000038,0.5));
#2820=CARTESIAN_POINT('Origin',(44.4999999999837,37.0000000000038,0.));
#2821=CARTESIAN_POINT('Origin',(44.4999999999837,37.0000000000038,0.));
#2822=CARTESIAN_POINT('',(41.9999999999837,37.0000000000038,-2.));
#2823=CARTESIAN_POINT('',(41.9999999999837,37.0000000000038,0.));
#2824=CARTESIAN_POINT('Origin',(44.4999999999837,37.0000000000038,-2.));
#2825=CARTESIAN_POINT('Origin',(44.4999999999853,37.000000000015,1.));
#2826=CARTESIAN_POINT('',(51.9999999999896,29.5000000000306,1.));
#2827=CARTESIAN_POINT('',(51.9999999999834,37.000000000013,1.));
#2828=CARTESIAN_POINT('',(51.9999999999797,44.5000000000306,1.));
#2829=CARTESIAN_POINT('',(36.9999999999834,37.000000000013,1.));
#2830=CARTESIAN_POINT('Origin',(44.4999999999834,37.000000000013,1.));
#2831=CARTESIAN_POINT('',(36.9999999999823,29.5000000000188,1.));
#2832=CARTESIAN_POINT('',(36.9999999999823,29.5000000000188,1.));
#2833=CARTESIAN_POINT('',(-8.75000000004233,29.4999999999971,1.));
#2834=CARTESIAN_POINT('Origin',(44.4999999999701,-37.0000000000503,0.5));
#2835=CARTESIAN_POINT('',(40.9999999999701,-37.0000000000503,1.));
#2836=CARTESIAN_POINT('Origin',(44.4999999999701,-37.0000000000503,1.));
#2837=CARTESIAN_POINT('',(41.9999999999701,-37.0000000000503,0.));
#2838=CARTESIAN_POINT('',(41.4999999999701,-37.0000000000503,0.5));
#2839=CARTESIAN_POINT('Origin',(44.4999999999701,-37.0000000000503,0.));
#2840=CARTESIAN_POINT('Origin',(44.4999999999701,-37.0000000000503,0.));
#2841=CARTESIAN_POINT('',(41.9999999999701,-37.0000000000503,-2.));
#2842=CARTESIAN_POINT('',(41.9999999999701,-37.0000000000503,0.));
#2843=CARTESIAN_POINT('Origin',(44.4999999999701,-37.0000000000503,-2.));
#2844=CARTESIAN_POINT('Origin',(44.4999999999689,-37.0000000000418,1.));
#2845=CARTESIAN_POINT('',(36.9999999999727,-29.5000000000464,1.));
#2846=CARTESIAN_POINT('',(51.9999999999727,-29.5000000000596,1.));
#2847=CARTESIAN_POINT('',(53.2499999999995,-29.5000000000246,1.));
#2848=CARTESIAN_POINT('',(36.9999999999709,-37.0000000000373,1.));
#2849=CARTESIAN_POINT('',(36.9999999999727,-29.5000000000464,1.));
#2850=CARTESIAN_POINT('',(51.999999999969,-36.9999946487532,1.));
#2851=CARTESIAN_POINT('Origin',(44.4999999999709,-37.0000000000373,1.));
#2852=CARTESIAN_POINT('',(51.9999999999577,-44.5000000000596,1.));
#2853=CARTESIAN_POINT('Origin',(-44.5000000000179,-37.0000000000057,0.5));
#2854=CARTESIAN_POINT('',(-48.0000000000179,-37.0000000000057,1.));
#2855=CARTESIAN_POINT('Origin',(-44.5000000000179,-37.0000000000057,1.));
#2856=CARTESIAN_POINT('',(-47.0000000000179,-37.0000000000057,0.));
#2857=CARTESIAN_POINT('',(-47.5000000000179,-37.0000000000057,0.5));
#2858=CARTESIAN_POINT('Origin',(-44.5000000000179,-37.0000000000057,0.));
#2859=CARTESIAN_POINT('Origin',(-44.5000000000179,-37.0000000000057,0.));
#2860=CARTESIAN_POINT('',(-47.0000000000179,-37.0000000000057,-2.));
#2861=CARTESIAN_POINT('',(-47.0000000000179,-37.0000000000057,0.));
#2862=CARTESIAN_POINT('Origin',(-44.5000000000179,-37.0000000000057,-2.));
#2863=CARTESIAN_POINT('Origin',(-44.5000000000398,-36.9999999999824,1.));
#2864=CARTESIAN_POINT('',(-52.0000000000323,-36.9999999999779,1.));
#2865=CARTESIAN_POINT('',(-37.0000000000361,-37.0000074845503,1.));
#2866=CARTESIAN_POINT('Origin',(-44.5000000000323,-36.9999999999779,1.));
#2867=CARTESIAN_POINT('',(-37.000000000041,-29.5000000000061,1.));
#2868=CARTESIAN_POINT('',(-37.000000000041,-29.5000000000061,1.));
#2869=CARTESIAN_POINT('',(-52.000000000041,-29.500000000003,1.));
#2870=CARTESIAN_POINT('',(8.74999999999508,-29.5000000000154,1.));
#2871=CARTESIAN_POINT('',(-52.0000000000461,-44.500000000003,1.));
#2872=CARTESIAN_POINT('Origin',(51.9999999999652,-36.9999946487532,0.));
#2873=CARTESIAN_POINT('',(51.9999999999727,-29.5000000000596,-2.));
#2874=CARTESIAN_POINT('',(51.9999999999727,-29.5000000000243,0.));
#2875=CARTESIAN_POINT('',(51.999999999969,-36.9999946487532,-2.));
#2876=CARTESIAN_POINT('',(51.999999999969,-36.9999946487532,0.));
#2877=CARTESIAN_POINT('',(51.9999999999874,-14.7500000000618,-2.));
#2878=CARTESIAN_POINT('Origin',(44.4999999999709,-37.0000000000373,0.));
#2879=CARTESIAN_POINT('',(36.9999999999709,-37.0000000000373,-2.));
#2880=CARTESIAN_POINT('',(36.9999999999709,-37.0000000000373,0.));
#2881=CARTESIAN_POINT('Origin',(44.4999999999709,-37.0000000000373,-2.));
#2882=CARTESIAN_POINT('Origin',(36.9999999999727,-29.5000000000464,0.));
#2883=CARTESIAN_POINT('',(36.9999999999727,-29.5000000000464,-2.));
#2884=CARTESIAN_POINT('',(36.9999999999727,-29.5000000000212,0.));
#2885=CARTESIAN_POINT('',(36.9999999999836,-18.5000000000431,-2.));
#2886=CARTESIAN_POINT('Origin',(62.0000000000284,-29.5000000000264,0.));
#2887=CARTESIAN_POINT('',(62.0000000000284,-29.5000000000264,-2.));
#2888=CARTESIAN_POINT('',(62.0000000000284,-29.5000000000264,-2.));
#2889=CARTESIAN_POINT('',(62.0000000000284,-29.5000000000264,23.));
#2890=CARTESIAN_POINT('',(62.0000000000284,-29.5000000000264,0.));
#2891=CARTESIAN_POINT('',(13.5000000000213,-29.5000000000164,23.));
#2892=CARTESIAN_POINT('',(62.0000000000284,-29.5000000000264,23.));
#2893=CARTESIAN_POINT('',(13.5000000000213,-29.5000000000164,2.));
#2894=CARTESIAN_POINT('',(13.5000000000213,-29.5000000000164,0.));
#2895=CARTESIAN_POINT('',(-1.99999999997865,-29.5000000000164,2.));
#2896=CARTESIAN_POINT('',(13.5000000000213,-29.5000000000164,2.));
#2897=CARTESIAN_POINT('',(-1.99999999997865,-29.5000000000164,23.));
#2898=CARTESIAN_POINT('',(-1.99999999997865,-29.5000000000164,0.));
#2899=CARTESIAN_POINT('',(-62.0000000000311,-29.5000000000009,23.));
#2900=CARTESIAN_POINT('',(62.0000000000284,-29.5000000000264,23.));
#2901=CARTESIAN_POINT('',(-62.0000000000311,-29.5000000000009,-2.));
#2902=CARTESIAN_POINT('',(-62.0000000000311,-29.5000000000009,0.));
#2903=CARTESIAN_POINT('',(-52.000000000041,-29.500000000003,-2.));
#2904=CARTESIAN_POINT('',(62.0000000000284,-29.5000000000264,-2.));
#2905=CARTESIAN_POINT('',(-52.000000000041,-29.500000000003,0.));
#2906=CARTESIAN_POINT('',(-37.000000000041,-29.5000000000061,-2.));
#2907=CARTESIAN_POINT('',(-37.000000000041,-29.5000000000061,0.));
#2908=CARTESIAN_POINT('',(62.0000000000284,-29.5000000000264,-2.));
#2909=CARTESIAN_POINT('Origin',(36.999999999981,37.000000000013,0.));
#2910=CARTESIAN_POINT('',(36.9999999999823,29.5000000000188,-2.));
#2911=CARTESIAN_POINT('',(36.9999999999823,29.4999999999966,0.));
#2912=CARTESIAN_POINT('',(36.9999999999834,37.000000000013,-2.));
#2913=CARTESIAN_POINT('',(36.9999999999834,37.000000000013,0.));
#2914=CARTESIAN_POINT('',(36.9999999999849,14.7500000000065,-2.));
#2915=CARTESIAN_POINT('Origin',(44.4999999999834,37.000000000013,0.));
#2916=CARTESIAN_POINT('',(51.9999999999834,37.000000000013,-2.));
#2917=CARTESIAN_POINT('',(51.9999999999834,37.000000000013,0.));
#2918=CARTESIAN_POINT('Origin',(44.4999999999834,37.000000000013,-2.));
#2919=CARTESIAN_POINT('Origin',(51.9999999999896,29.5000000000306,0.));
#2920=CARTESIAN_POINT('',(51.9999999999896,29.5000000000306,-2.));
#2921=CARTESIAN_POINT('',(51.9999999999896,29.4999999999964,0.));
#2922=CARTESIAN_POINT('',(51.9999999999968,18.5000000000176,-2.));
#2923=CARTESIAN_POINT('Origin',(-62.0000000000699,29.4999999999978,0.));
#2924=CARTESIAN_POINT('',(-37.0000000000311,29.4999999999978,-2.));
#2925=CARTESIAN_POINT('',(-62.0000000000699,29.4999999999978,-2.));
#2926=CARTESIAN_POINT('',(-37.0000000000311,29.4999999999975,0.));
#2927=CARTESIAN_POINT('',(-52.0000000000311,29.4999999999978,-2.));
#2928=CARTESIAN_POINT('',(-52.0000000000311,29.4999999999977,0.));
#2929=CARTESIAN_POINT('',(-62.0000000000699,29.4999999999978,-2.));
#2930=CARTESIAN_POINT('',(-62.0000000000699,29.4999999999978,-2.));
#2931=CARTESIAN_POINT('',(-62.0000000000699,29.4999999999978,23.));
#2932=CARTESIAN_POINT('',(-62.0000000000699,29.4999999999978,0.));
#2933=CARTESIAN_POINT('',(62.0000000000284,29.4999999999963,23.));
#2934=CARTESIAN_POINT('',(51.9999999999896,29.5000000000306,23.));
#2935=CARTESIAN_POINT('',(62.0000000000284,29.4999999999963,-2.));
#2936=CARTESIAN_POINT('',(62.0000000000284,29.4999999999963,0.));
#2937=CARTESIAN_POINT('',(-62.0000000000699,29.4999999999978,-2.));
#2938=CARTESIAN_POINT('Origin',(-52.000000000041,-29.500000000003,0.));
#2939=CARTESIAN_POINT('',(-52.0000000000323,-36.9999999999779,-2.));
#2940=CARTESIAN_POINT('',(-52.0000000000323,-36.9999999999779,0.));
#2941=CARTESIAN_POINT('',(-52.0000000000373,-18.4999999999863,-2.));
#2942=CARTESIAN_POINT('Origin',(-37.0000000000435,-37.0000074845503,0.));
#2943=CARTESIAN_POINT('',(-37.0000000000361,-37.0000074845503,-2.));
#2944=CARTESIAN_POINT('',(-37.0000000000361,-37.0000074845503,0.));
#2945=CARTESIAN_POINT('',(-37.0000000000361,-14.7500000000029,-2.));
#2946=CARTESIAN_POINT('Origin',(-44.5000000000323,-36.9999999999779,0.));
#2947=CARTESIAN_POINT('Origin',(-44.5000000000323,-36.9999999999779,-2.));
#2948=CARTESIAN_POINT('Origin',(-37.0000000000311,29.4999999999978,0.));
#2949=CARTESIAN_POINT('',(-37.0000000000236,36.9999925154124,-2.));
#2950=CARTESIAN_POINT('',(-37.0000000000236,36.9999925154124,0.));
#2951=CARTESIAN_POINT('',(-37.0000000000311,18.4999962577002,-2.));
#2952=CARTESIAN_POINT('Origin',(-52.0000000000311,36.9999999999837,0.));
#2953=CARTESIAN_POINT('',(-52.0000000000199,36.9999999999837,-2.));
#2954=CARTESIAN_POINT('',(-52.0000000000199,36.9999999999837,0.));
#2955=CARTESIAN_POINT('',(-52.0000000000311,14.7499999999928,-2.));
#2956=CARTESIAN_POINT('Origin',(-44.5000000000199,36.9999999999837,0.));
#2957=CARTESIAN_POINT('Origin',(-44.5000000000199,36.9999999999837,-2.));
#2958=CARTESIAN_POINT('Origin',(-0.999999999997643,-19.0000000000139,5.));
#2959=CARTESIAN_POINT('',(-3.99999999997456,-14.0000000000139,0.));
#2960=CARTESIAN_POINT('',(-3.99999999997456,-24.0000000000139,10.));
#2961=CARTESIAN_POINT('',(-3.99999999997456,-19.0000000000139,5.));
#2962=CARTESIAN_POINT('',(-1.99999999997456,-24.0000000000139,10.));
#2963=CARTESIAN_POINT('',(-0.999999999997643,-24.0000000000139,10.));
#2964=CARTESIAN_POINT('',(-1.99999999997456,-14.0000000000139,0.));
#2965=CARTESIAN_POINT('',(-1.99999999997456,-19.5000000000139,5.5));
#2966=CARTESIAN_POINT('',(-0.999999999997643,-14.0000000000139,0.));
#2967=CARTESIAN_POINT('Origin',(-1.99999999997456,-24.0000000000139,0.));
#2968=CARTESIAN_POINT('',(-3.99999999997456,-24.0000000000139,12.));
#2969=CARTESIAN_POINT('',(-3.99999999997456,-24.0000000000139,0.));
#2970=CARTESIAN_POINT('',(-1.99999999997456,-24.0000000000139,12.));
#2971=CARTESIAN_POINT('',(1.87500000002544,-24.0000000000139,12.));
#2972=CARTESIAN_POINT('',(-1.99999999997456,-24.0000000000139,0.));
#2973=CARTESIAN_POINT('Origin',(7.75000000000236,-19.0000000000139,5.));
#2974=CARTESIAN_POINT('',(13.5000000000254,-14.0000000000139,0.));
#2975=CARTESIAN_POINT('',(13.5000000000254,-24.0000000000139,10.));
#2976=CARTESIAN_POINT('',(13.5000000000254,-19.0000000000139,5.));
#2977=CARTESIAN_POINT('',(15.5000000000254,-24.0000000000139,10.));
#2978=CARTESIAN_POINT('',(7.75000000000236,-24.0000000000139,10.));
#2979=CARTESIAN_POINT('',(15.5000000000254,-14.0000000000139,0.));
#2980=CARTESIAN_POINT('',(15.5000000000254,-19.5000000000139,5.5));
#2981=CARTESIAN_POINT('',(7.75000000000236,-14.0000000000139,0.));
#2982=CARTESIAN_POINT('Origin',(15.5000000000254,-24.0000000000139,0.));
#2983=CARTESIAN_POINT('',(13.5000000000254,-24.0000000000139,12.));
#2984=CARTESIAN_POINT('',(13.5000000000254,-24.0000000000139,0.));
#2985=CARTESIAN_POINT('',(15.5000000000254,-24.0000000000139,12.));
#2986=CARTESIAN_POINT('',(10.6250000000254,-24.0000000000139,12.));
#2987=CARTESIAN_POINT('',(15.5000000000254,-24.0000000000139,0.));
#2988=CARTESIAN_POINT('Origin',(15.5000000000254,-26.0000000000139,0.));
#2989=CARTESIAN_POINT('',(15.5000000000254,-26.0000000000139,12.));
#2990=CARTESIAN_POINT('',(15.5000000000254,-25.5000000000139,12.));
#2991=CARTESIAN_POINT('',(15.5000000000254,-26.0000000000139,0.));
#2992=CARTESIAN_POINT('',(15.5000000000254,-26.0000000000139,0.));
#2993=CARTESIAN_POINT('',(15.5000000000254,-13.0000000000142,0.));
#2994=CARTESIAN_POINT('Origin',(13.5000000000254,-26.0000000000139,0.));
#2995=CARTESIAN_POINT('',(13.5000000000254,-26.0000000000139,12.));
#2996=CARTESIAN_POINT('',(9.62500000002544,-26.0000000000139,12.));
#2997=CARTESIAN_POINT('',(13.5000000000254,-26.0000000000139,0.));
#2998=CARTESIAN_POINT('',(13.5000000000254,-26.0000000000139,0.));
#2999=CARTESIAN_POINT('',(6.75000000000236,-26.0000000000139,0.));
#3000=CARTESIAN_POINT('Origin',(13.5000000000254,-24.0000000000139,0.));
#3001=CARTESIAN_POINT('',(13.5000000000254,-24.5000000000139,12.));
#3002=CARTESIAN_POINT('',(13.5000000000254,-12.0000000000142,0.));
#3003=CARTESIAN_POINT('Origin',(5.75000000002544,-25.0000000000139,12.));
#3004=CARTESIAN_POINT('Origin',(-3.99999999997456,-24.0000000000139,0.));
#3005=CARTESIAN_POINT('',(-3.99999999997456,-26.0000000000139,12.));
#3006=CARTESIAN_POINT('',(-3.99999999997456,-24.5000000000139,12.));
#3007=CARTESIAN_POINT('',(-3.99999999997456,-26.0000000000139,0.));
#3008=CARTESIAN_POINT('',(-3.99999999997456,-12.0000000000142,0.));
#3009=CARTESIAN_POINT('',(-3.99999999997456,-26.0000000000139,0.));
#3010=CARTESIAN_POINT('Origin',(-1.99999999997456,-26.0000000000139,0.));
#3011=CARTESIAN_POINT('',(-1.99999999997456,-26.0000000000139,12.));
#3012=CARTESIAN_POINT('',(-1.99999999997456,-25.5000000000139,12.));
#3013=CARTESIAN_POINT('',(-1.99999999997456,-26.0000000000139,0.));
#3014=CARTESIAN_POINT('',(-1.99999999997456,-26.0000000000139,0.));
#3015=CARTESIAN_POINT('',(-1.99999999997456,-13.0000000000142,0.));
#3016=CARTESIAN_POINT('Origin',(-3.99999999997456,-26.0000000000139,0.));
#3017=CARTESIAN_POINT('',(0.875000000025444,-26.0000000000139,12.));
#3018=CARTESIAN_POINT('',(-1.99999999999764,-26.0000000000139,0.));
#3019=CARTESIAN_POINT('Origin',(5.75000000002544,-25.0000000000139,12.));
#3020=CARTESIAN_POINT('Origin',(-2.57216470345156E-11,-1.3882228699913E-11,
16.5));
#3021=CARTESIAN_POINT('Origin',(-2.57216470345156E-11,-1.3882228699913E-11,
16.5));
#3022=CARTESIAN_POINT('Origin',(-2.57216470345156E-11,-1.3882228699913E-11,
16.5));
#3023=CARTESIAN_POINT('Origin',(-2.57216470345156E-11,-1.3882228699913E-11,
16.5));
#3024=CARTESIAN_POINT('Origin',(55.0000000000214,22.4999999999977,0.));
#3025=CARTESIAN_POINT('',(55.0000000000214,27.4999999999977,0.));
#3026=CARTESIAN_POINT('',(55.0000000000214,27.4999999999977,0.));
#3027=CARTESIAN_POINT('',(60.0000000000214,22.4999999999977,0.));
#3028=CARTESIAN_POINT('Origin',(55.0000000000214,22.4999999999977,0.));
#3029=CARTESIAN_POINT('',(60.0000000000214,22.4999999999977,0.));
#3030=CARTESIAN_POINT('Origin',(60.0000000000214,27.4999999999977,0.));
#3031=CARTESIAN_POINT('',(60.0000000000138,-22.5000000000255,0.));
#3032=CARTESIAN_POINT('',(60.0000000000214,-1.75000000002045,0.));
#3033=CARTESIAN_POINT('',(60.0000000000214,-22.5000000000255,0.));
#3034=CARTESIAN_POINT('',(60.0000000000214,-27.5000000000264,23.));
#3035=CARTESIAN_POINT('',(60.0000000000214,-27.5000000000264,0.));
#3036=CARTESIAN_POINT('',(60.0000000000255,-3.50000000002635,23.));
#3037=CARTESIAN_POINT('',(60.0000000000214,27.4999999999977,23.));
#3038=CARTESIAN_POINT('',(60.0000000000255,-3.50000000002636,5.5));
#3039=CARTESIAN_POINT('',(60.0000000000255,-3.50000000002635,0.));
#3040=CARTESIAN_POINT('',(60.0000000000254,13.4999999999736,5.5));
#3041=CARTESIAN_POINT('',(60.0000000000254,9.24999999997364,5.5));
#3042=CARTESIAN_POINT('',(60.0000000000254,13.4999999999736,23.));
#3043=CARTESIAN_POINT('',(60.0000000000254,13.4999999999736,0.));
#3044=CARTESIAN_POINT('',(60.0000000000214,27.4999999999977,23.));
#3045=CARTESIAN_POINT('',(60.0000000000214,27.4999999999977,23.));
#3046=CARTESIAN_POINT('',(60.0000000000214,27.4999999999977,0.));
#3047=CARTESIAN_POINT('Origin',(-55.0000000000653,22.4999999999605,0.));
#3048=CARTESIAN_POINT('',(-60.0000000000375,22.5000166586479,0.));
#3049=CARTESIAN_POINT('',(-60.0000000000375,22.5000166586479,0.));
#3050=CARTESIAN_POINT('',(-55.0000000000653,27.4999999999605,0.));
#3051=CARTESIAN_POINT('Origin',(-55.0000000000653,22.4999999999605,0.));
#3052=CARTESIAN_POINT('',(-55.0000000000653,27.4999999999977,0.));
#3053=CARTESIAN_POINT('Origin',(-2.07300843158009E-11,-1.4521717162097E-11,
0.));
#3054=CARTESIAN_POINT('',(-29.9999999999993,27.4999999999977,0.));
#3055=CARTESIAN_POINT('',(-60.0000000000548,-22.5000134455522,0.));
#3056=CARTESIAN_POINT('',(-60.0000000000115,-13.749999999984,0.));
#3057=CARTESIAN_POINT('',(-55.0000000000728,-27.499999999965,0.));
#3058=CARTESIAN_POINT('Origin',(-55.0000000000728,-22.499999999965,0.));
#3059=CARTESIAN_POINT('',(55.0000006128211,-27.5000000000255,0.));
#3060=CARTESIAN_POINT('',(-1.00000000000041,-27.5000000000141,0.));
#3061=CARTESIAN_POINT('Origin',(55.0000000000138,-22.5000000000255,0.));
#3062=CARTESIAN_POINT('',(-38.9999999999751,10.9999999999745,0.));
#3063=CARTESIAN_POINT('',(-40.4999999999754,10.9999999999746,0.));
#3064=CARTESIAN_POINT('',(-20.249999999998,10.9999999999745,0.));
#3065=CARTESIAN_POINT('',(-40.4999999999755,14.9999999999749,0.));
#3066=CARTESIAN_POINT('',(-40.4999999999725,7.49999999997207,0.));
#3067=CARTESIAN_POINT('',(-32.4999999999767,14.9999999999749,0.));
#3068=CARTESIAN_POINT('',(-16.2499999999987,14.9999999999749,0.));
#3069=CARTESIAN_POINT('',(-32.499999999976,13.4999999999737,0.));
#3070=CARTESIAN_POINT('',(-32.4999999999729,6.749999999972,0.));
#3071=CARTESIAN_POINT('',(-33.999999999975,13.4999999999737,0.));
#3072=CARTESIAN_POINT('',(-19.4999999999979,13.4999999999737,0.));
#3073=CARTESIAN_POINT('',(-33.9999999999599,-14.5000000000263,0.));
#3074=CARTESIAN_POINT('',(-33.9999999999638,-7.25000000002962,0.));
#3075=CARTESIAN_POINT('',(-32.4999999999629,-14.5000000000264,0.));
#3076=CARTESIAN_POINT('',(-16.2499999999919,-14.5000000000264,0.));
#3077=CARTESIAN_POINT('',(-32.4999999999622,-16.0000000000258,0.));
#3078=CARTESIAN_POINT('',(-32.499999999966,-8.00000000002773,0.));
#3079=CARTESIAN_POINT('',(-40.4999999999631,-16.0000000000258,0.));
#3080=CARTESIAN_POINT('',(-20.249999999992,-16.0000000000258,0.));
#3081=CARTESIAN_POINT('',(-40.4999999999661,-12.0000000000255,0.));
#3082=CARTESIAN_POINT('',(-40.4999999999671,-6.0000000000281,0.));
#3083=CARTESIAN_POINT('',(-38.999999999976,-12.0000000000255,0.));
#3084=CARTESIAN_POINT('',(-19.4999999999984,-12.0000000000257,0.));
#3085=CARTESIAN_POINT('',(-38.9999999999729,6.74999999997341,0.));
#3086=CARTESIAN_POINT('',(-13.4999999999786,-12.0000000000255,0.));
#3087=CARTESIAN_POINT('Origin',(-10.9999999999786,-12.0000000000255,0.));
#3088=CARTESIAN_POINT('',(-13.4999999999786,10.9999999999746,0.));
#3089=CARTESIAN_POINT('Origin',(-10.9999999999786,10.9999999999746,0.));
#3090=CARTESIAN_POINT('',(54.5000000000214,-7.00000000002636,0.));
#3091=CARTESIAN_POINT('Origin',(57.0000000000214,-7.00000000002636,0.));
#3092=CARTESIAN_POINT('Origin',(55.0000000000138,-22.5000000000255,0.));
#3093=CARTESIAN_POINT('',(55.0000000000128,-27.5000000000254,0.));
#3094=CARTESIAN_POINT('Origin',(-55.0000000000728,-22.499999999965,0.));
#3095=CARTESIAN_POINT('',(-55.0000000000738,-27.5000000000033,0.));
#3096=CARTESIAN_POINT('',(-60.0000000000548,-22.5000134455522,0.));
#3097=CARTESIAN_POINT('Origin',(5.75000000002339,-28.5000000000152,2.));
#3098=CARTESIAN_POINT('',(13.5000000000254,-27.5000000000139,2.));
#3099=CARTESIAN_POINT('',(13.5000000000244,-28.0000000000225,2.));
#3100=CARTESIAN_POINT('',(-1.99999999997456,-27.5000000000139,2.));
#3101=CARTESIAN_POINT('',(-1.99999999997456,-27.5000000000139,2.));
#3102=CARTESIAN_POINT('',(-1.99999999997763,-29.0000000000079,2.));
#3103=CARTESIAN_POINT('Origin',(13.5000000000254,-27.5000000000139,0.));
#3104=CARTESIAN_POINT('',(13.5000000000254,-27.5000000000139,23.));
#3105=CARTESIAN_POINT('',(13.5000000000254,-27.5000000000139,23.));
#3106=CARTESIAN_POINT('',(13.5000000000254,-27.5000000000139,0.));
#3107=CARTESIAN_POINT('Origin',(-1.99999999997865,-29.5000000000164,0.));
#3108=CARTESIAN_POINT('',(-1.99999999997456,-27.5000000000139,23.));
#3109=CARTESIAN_POINT('',(-1.99999999997456,-27.5000000000139,0.));
#3110=CARTESIAN_POINT('',(-1.99999999997865,-29.5000000000164,23.));
#3111=CARTESIAN_POINT('Origin',(61.0000000000269,4.99999999997364,5.5));
#3112=CARTESIAN_POINT('',(62.0000000000284,13.4999999999736,5.5));
#3113=CARTESIAN_POINT('',(60.5000000000261,13.4999999999736,5.5));
#3114=CARTESIAN_POINT('',(62.0000000000284,-3.50000000002637,5.5));
#3115=CARTESIAN_POINT('',(61.5000000000276,-3.50000000002637,5.5));
#3116=CARTESIAN_POINT('',(62.0000000000284,0.749999999973632,5.5));
#3117=CARTESIAN_POINT('Origin',(60.0000000000254,13.4999999999736,0.));
#3118=CARTESIAN_POINT('',(62.0000000000284,13.4999999999736,23.));
#3119=CARTESIAN_POINT('',(62.0000000000284,13.4999999999736,0.));
#3120=CARTESIAN_POINT('',(62.0000000000284,13.4999999999736,23.));
#3121=CARTESIAN_POINT('Origin',(62.0000000000284,-3.50000000002637,0.));
#3122=CARTESIAN_POINT('',(62.0000000000284,-3.50000000002637,23.));
#3123=CARTESIAN_POINT('',(60.0000000000255,-3.50000000002635,23.));
#3124=CARTESIAN_POINT('',(62.0000000000284,-3.50000000002637,0.));
#3125=CARTESIAN_POINT('Origin',(-38.9999999999742,10.9999999999745,0.));
#3126=CARTESIAN_POINT('',(-38.9999999999751,10.9999999999745,4.));
#3127=CARTESIAN_POINT('',(-38.999999999975,13.4999999999737,4.));
#3128=CARTESIAN_POINT('',(-38.9999999999728,6.49999999997326,4.));
#3129=CARTESIAN_POINT('',(-38.999999999975,13.4999999999737,6.));
#3130=CARTESIAN_POINT('',(-38.999999999975,13.4999999999737,0.));
#3131=CARTESIAN_POINT('',(-38.9999999999751,10.9999999999745,6.));
#3132=CARTESIAN_POINT('',(-38.9999999999724,5.24999999997415,6.));
#3133=CARTESIAN_POINT('',(-38.9999999999751,10.9999999999745,0.));
#3134=CARTESIAN_POINT('Origin',(-38.999999999975,13.4999999999737,0.));
#3135=CARTESIAN_POINT('',(-33.999999999975,13.4999999999737,4.));
#3136=CARTESIAN_POINT('',(-33.999999999975,13.4999999999737,0.));
#3137=CARTESIAN_POINT('',(-32.499999999976,13.4999999999737,6.));
#3138=CARTESIAN_POINT('',(-32.499999999976,13.4999999999737,0.));
#3139=CARTESIAN_POINT('',(-37.749999999972,13.4999999999737,6.));
#3140=CARTESIAN_POINT('',(-35.2499999999713,13.4999999999737,4.));
#3141=CARTESIAN_POINT('Origin',(-40.4999999999754,10.9999999999746,0.));
#3142=CARTESIAN_POINT('',(-40.4999999999754,10.9999999999746,6.));
#3143=CARTESIAN_POINT('',(-38.4999999999721,10.9999999999745,6.));
#3144=CARTESIAN_POINT('',(-40.4999999999754,10.9999999999746,0.));
#3145=CARTESIAN_POINT('',(-38.9999999999742,10.9999999999745,0.));
#3146=CARTESIAN_POINT('Origin',(-40.4999999999755,14.9999999999749,0.));
#3147=CARTESIAN_POINT('',(-40.4999999999755,14.9999999999749,6.));
#3148=CARTESIAN_POINT('',(-40.4999999999724,7.24999999997391,6.));
#3149=CARTESIAN_POINT('',(-40.4999999999755,14.9999999999749,0.));
#3150=CARTESIAN_POINT('Origin',(-32.4999999999767,14.9999999999749,0.));
#3151=CARTESIAN_POINT('',(-32.4999999999767,14.9999999999749,6.));
#3152=CARTESIAN_POINT('',(-34.4999999999728,14.9999999999749,6.));
#3153=CARTESIAN_POINT('',(-32.4999999999767,14.9999999999749,0.));
#3154=CARTESIAN_POINT('Origin',(-32.499999999976,13.4999999999737,0.));
#3155=CARTESIAN_POINT('',(-32.4999999999727,6.49999999997503,6.));
#3156=CARTESIAN_POINT('Origin',(-36.4999999999689,-0.500000000025459,6.));
#3157=CARTESIAN_POINT('Origin',(-40.4999999999647,-12.0000000000255,0.));
#3158=CARTESIAN_POINT('',(-40.4999999999631,-16.0000000000258,6.));
#3159=CARTESIAN_POINT('',(-40.4999999999661,-12.0000000000255,6.));
#3160=CARTESIAN_POINT('',(-40.499999999967,-6.25000000002626,6.));
#3161=CARTESIAN_POINT('',(-40.4999999999661,-12.0000000000255,0.));
#3162=CARTESIAN_POINT('',(-40.4999999999631,-16.0000000000258,0.));
#3163=CARTESIAN_POINT('Origin',(-38.999999999976,-12.0000000000255,0.));
#3164=CARTESIAN_POINT('',(-38.999999999976,-12.0000000000255,6.));
#3165=CARTESIAN_POINT('',(-37.7499999999725,-12.0000000000255,6.));
#3166=CARTESIAN_POINT('',(-38.999999999967,-12.0000000000255,4.));
#3167=CARTESIAN_POINT('',(-38.999999999976,-12.0000000000255,0.));
#3168=CARTESIAN_POINT('',(-38.999999999967,-12.0000000000255,0.));
#3169=CARTESIAN_POINT('Origin',(-38.9999999999662,-14.5000000000263,0.));
#3170=CARTESIAN_POINT('',(-38.9999999999662,-14.5000000000263,4.));
#3171=CARTESIAN_POINT('',(-38.9999999999728,6.49999999997326,4.));
#3172=CARTESIAN_POINT('',(-38.9999999999662,-14.5000000000263,6.));
#3173=CARTESIAN_POINT('',(-38.9999999999684,-7.50000000002625,6.));
#3174=CARTESIAN_POINT('',(-38.9999999999662,-14.5000000000263,0.));
#3175=CARTESIAN_POINT('Origin',(-32.4999999999629,-14.5000000000264,0.));
#3176=CARTESIAN_POINT('',(-33.9999999999599,-14.5000000000263,4.));
#3177=CARTESIAN_POINT('',(-37.749999999967,-14.5000000000263,4.));
#3178=CARTESIAN_POINT('',(-32.4999999999629,-14.5000000000264,6.));
#3179=CARTESIAN_POINT('',(-34.4999999999659,-14.5000000000263,6.));
#3180=CARTESIAN_POINT('',(-32.4999999999629,-14.5000000000264,0.));
#3181=CARTESIAN_POINT('',(-33.9999999999599,-14.5000000000263,0.));
#3182=CARTESIAN_POINT('Origin',(-32.4999999999622,-16.0000000000258,0.));
#3183=CARTESIAN_POINT('',(-32.4999999999622,-16.0000000000258,6.));
#3184=CARTESIAN_POINT('',(-32.4999999999659,-8.2500000000247,6.));
#3185=CARTESIAN_POINT('',(-32.4999999999622,-16.0000000000258,0.));
#3186=CARTESIAN_POINT('Origin',(-40.4999999999631,-16.0000000000258,0.));
#3187=CARTESIAN_POINT('',(-38.499999999966,-16.0000000000258,6.));
#3188=CARTESIAN_POINT('Origin',(-36.4999999999689,-0.500000000025459,6.));
#3189=CARTESIAN_POINT('Origin',(-33.9999999999599,-14.5000000000263,0.));
#3190=CARTESIAN_POINT('',(-33.9999999999637,-7.50000000002567,4.));
#3191=CARTESIAN_POINT('Origin',(-38.999999999975,13.4999999999737,0.));
#3192=CARTESIAN_POINT('',(-38.9999999999728,6.49999999997326,4.));
#3193=CARTESIAN_POINT('Origin',(-36.4999999999675,-0.500000000026344,4.));
#3194=CARTESIAN_POINT('Origin',(57.0000000000214,-7.00000000002636,0.));
#3195=CARTESIAN_POINT('',(56.1250000000214,-7.00000000002636,4.));
#3196=CARTESIAN_POINT('Origin',(57.0000000000214,-7.00000000002636,4.));
#3197=CARTESIAN_POINT('',(56.1250000000214,-7.00000000002636,0.));
#3198=CARTESIAN_POINT('',(56.1250000000214,-7.00000000002636,0.));
#3199=CARTESIAN_POINT('Origin',(57.0000000000214,-7.00000000002636,0.));
#3200=CARTESIAN_POINT('Origin',(57.0000000000214,-7.00000000002636,0.));
#3201=CARTESIAN_POINT('',(54.5000000000214,-7.00000000002636,4.));
#3202=CARTESIAN_POINT('Origin',(57.0000000000214,-7.00000000002636,4.));
#3203=CARTESIAN_POINT('',(54.5000000000214,-7.00000000002636,0.));
#3204=CARTESIAN_POINT('Origin',(57.0000000000214,-7.00000000002636,4.));
#3205=CARTESIAN_POINT('Origin',(-10.9999999999786,-12.0000000000255,0.));
#3206=CARTESIAN_POINT('',(-11.8749999999786,-12.0000000000255,4.));
#3207=CARTESIAN_POINT('Origin',(-10.9999999999786,-12.0000000000255,4.));
#3208=CARTESIAN_POINT('',(-11.8749999999786,-12.0000000000255,0.));
#3209=CARTESIAN_POINT('',(-11.8749999999786,-12.0000000000255,0.));
#3210=CARTESIAN_POINT('Origin',(-10.9999999999786,-12.0000000000255,0.));
#3211=CARTESIAN_POINT('Origin',(-10.9999999999786,-12.0000000000255,0.));
#3212=CARTESIAN_POINT('',(-13.4999999999786,-12.0000000000255,4.));
#3213=CARTESIAN_POINT('Origin',(-10.9999999999786,-12.0000000000255,4.));
#3214=CARTESIAN_POINT('',(-13.4999999999786,-12.0000000000255,0.));
#3215=CARTESIAN_POINT('Origin',(-10.9999999999786,-12.0000000000255,4.));
#3216=CARTESIAN_POINT('Origin',(-2.07300843158009E-11,-1.4521717162097E-11,
0.));
#3217=CARTESIAN_POINT('Origin',(-10.9999999999786,10.9999999999746,0.));
#3218=CARTESIAN_POINT('',(-11.8749999999786,10.9999999999746,4.));
#3219=CARTESIAN_POINT('Origin',(-10.9999999999786,10.9999999999746,4.));
#3220=CARTESIAN_POINT('',(-11.8749999999786,10.9999999999746,0.));
#3221=CARTESIAN_POINT('',(-11.8749999999786,10.9999999999746,0.));
#3222=CARTESIAN_POINT('Origin',(-10.9999999999786,10.9999999999746,0.));
#3223=CARTESIAN_POINT('Origin',(-10.9999999999786,10.9999999999746,0.));
#3224=CARTESIAN_POINT('',(-13.4999999999786,10.9999999999746,4.));
#3225=CARTESIAN_POINT('Origin',(-10.9999999999786,10.9999999999746,4.));
#3226=CARTESIAN_POINT('',(-13.4999999999786,10.9999999999746,0.));
#3227=CARTESIAN_POINT('Origin',(-10.9999999999786,10.9999999999746,4.));
#3228=CARTESIAN_POINT('Origin',(-2.07300843158009E-11,-1.4521717162097E-11,
0.));
#3229=CARTESIAN_POINT('Origin',(-59.9999999999779,27.4999999999977,0.));
#3230=CARTESIAN_POINT('',(-59.9999999999779,27.4999999999977,23.));
#3231=CARTESIAN_POINT('',(-59.9999999999779,27.4999999999977,23.));
#3232=CARTESIAN_POINT('',(-59.9999999999779,27.4999999999977,0.));
#3233=CARTESIAN_POINT('Origin',(-60.0000000000227,-27.5000000000023,0.));
#3234=CARTESIAN_POINT('',(-60.0000000000227,-27.5000000000023,23.));
#3235=CARTESIAN_POINT('',(-60.0000000000227,-27.5000000000023,23.));
#3236=CARTESIAN_POINT('',(-60.0000000000227,-27.5000000000023,0.));
#3237=CARTESIAN_POINT('Origin',(-2.07300843158009E-11,7.0832228971085E-12,
23.));
#3238=CARTESIAN_POINT('',(-62.0000000000311,-29.5000000000009,23.));
#3239=CARTESIAN_POINT('',(60.0000000000214,-27.5000000000264,23.));
#3240=CARTESIAN_POINT('',(62.0000000000284,29.4999999999963,23.));
#3241=CARTESIAN_POINT('Origin',(60.0000000000214,-27.5000000000264,0.));
#3242=CARTESIAN_POINT('',(60.0000000000214,-27.5000000000264,23.));
#3243=CARTESIAN_POINT('Origin',(37.7500000000249,-16.500000000043,23.));
#3244=CARTESIAN_POINT('',(62.0000000000284,29.4999999999963,23.));
#3245=CARTESIAN_POINT('Origin',(-2.07300843158009E-11,-1.4521717162097E-11,
0.));
#3246=CARTESIAN_POINT('Origin',(-62.0000000000311,-29.5000000000009,0.));
#3247=CARTESIAN_POINT('',(-62.0000000000311,-29.5000000000009,-2.));
#3248=CARTESIAN_POINT('Origin',(62.0000000000284,29.4999999999963,0.));
#3249=CARTESIAN_POINT('',(62.0000000000284,29.4999999999963,-2.));
#3250=CARTESIAN_POINT('Origin',(-2.07300843158009E-11,-1.4521717162097E-11,
-2.));
#3251=CARTESIAN_POINT('',(0.,0.,0.));
#3252=UNCERTAINTY_MEASURE_WITH_UNIT(LENGTH_MEASURE(0.01),#3258,
'DISTANCE_ACCURACY_VALUE',
'Maximum model space distance between geometric entities at asserted c
onnectivities');
#3253=UNCERTAINTY_MEASURE_WITH_UNIT(LENGTH_MEASURE(0.01),#3258,
'DISTANCE_ACCURACY_VALUE',
'Maximum model space distance between geometric entities at asserted c
onnectivities');
#3254=UNCERTAINTY_MEASURE_WITH_UNIT(LENGTH_MEASURE(0.01),#3258,
'DISTANCE_ACCURACY_VALUE',
'Maximum model space distance between geometric entities at asserted c
onnectivities');
#3255=(
GEOMETRIC_REPRESENTATION_CONTEXT(3)
GLOBAL_UNCERTAINTY_ASSIGNED_CONTEXT((#3252))
GLOBAL_UNIT_ASSIGNED_CONTEXT((#3258,#3260,#3261))
REPRESENTATION_CONTEXT('','3D')
);
#3256=(
GEOMETRIC_REPRESENTATION_CONTEXT(3)
GLOBAL_UNCERTAINTY_ASSIGNED_CONTEXT((#3253))
GLOBAL_UNIT_ASSIGNED_CONTEXT((#3258,#3260,#3261))
REPRESENTATION_CONTEXT('','3D')
);
#3257=(
GEOMETRIC_REPRESENTATION_CONTEXT(3)
GLOBAL_UNCERTAINTY_ASSIGNED_CONTEXT((#3254))
GLOBAL_UNIT_ASSIGNED_CONTEXT((#3258,#3260,#3261))
REPRESENTATION_CONTEXT('','3D')
);
#3258=(
LENGTH_UNIT()
NAMED_UNIT(*)
SI_UNIT(.MILLI.,.METRE.)
);
#3259=(
LENGTH_UNIT()
NAMED_UNIT(*)
SI_UNIT($,.METRE.)
);
#3260=(
NAMED_UNIT(*)
PLANE_ANGLE_UNIT()
SI_UNIT($,.RADIAN.)
);
#3261=(
NAMED_UNIT(*)
SI_UNIT($,.STERADIAN.)
SOLID_ANGLE_UNIT()
);
#3262=SHAPE_DEFINITION_REPRESENTATION(#3264,#3267);
#3263=SHAPE_DEFINITION_REPRESENTATION(#3265,#3268);
#3264=PRODUCT_DEFINITION_SHAPE('',$,#3270);
#3265=PRODUCT_DEFINITION_SHAPE('',$,#3271);
#3266=PRODUCT_DEFINITION_SHAPE($,$,#14);
#3267=SHAPE_REPRESENTATION('',(#1970,#2143),#3255);
#3268=SHAPE_REPRESENTATION('',(#1971),#3256);
#3269=PRODUCT_DEFINITION_CONTEXT('part definition',#3277,'design');
#3270=PRODUCT_DEFINITION('2026-08-16-18-27-19-079',
'Thermux Case (Assembly)',#3272,#3269);
#3271=PRODUCT_DEFINITION('2026-08-16-18-28-22-034','Base',#3273,#3269);
#3272=PRODUCT_DEFINITION_FORMATION('',$,#3279);
#3273=PRODUCT_DEFINITION_FORMATION('',$,#3280);
#3274=PRODUCT_RELATED_PRODUCT_CATEGORY('Thermux Case (Assembly)',
'Thermux Case (Assembly)',(#3279));
#3275=PRODUCT_RELATED_PRODUCT_CATEGORY('Base','Base',(#3280));
#3276=APPLICATION_PROTOCOL_DEFINITION('international standard',
'automotive_design',2009,#3277);
#3277=APPLICATION_CONTEXT(
'Core Data for Automotive Mechanical Design Process');
#3278=PRODUCT_CONTEXT('part definition',#3277,'mechanical');
#3279=PRODUCT('2026-08-16-18-27-19-079','Thermux Case (Assembly)',$,(#3278));
#3280=PRODUCT('2026-08-16-18-28-22-034','Base',$,(#3278));
#3281=PRESENTATION_STYLE_ASSIGNMENT((#3282));
#3282=SURFACE_STYLE_USAGE(.BOTH.,#3283);
#3283=SURFACE_SIDE_STYLE('',(#3284));
#3284=SURFACE_STYLE_FILL_AREA(#3285);
#3285=FILL_AREA_STYLE('Steel - Satin',(#3286));
#3286=FILL_AREA_STYLE_COLOUR('Steel - Satin',#3287);
#3287=COLOUR_RGB('Steel - Satin',0.627450980392157,0.627450980392157,0.627450980392157);
ENDSEC;
END-ISO-10303-21;
